sourceCode,sourceName,sourceValueCode,sourceValueName,sourceUnitName,sourceFrequency,sourceAutoAssignedConceptIds,ADD_INFO:category_name,ADD_INFO:notes,matchScore,mappingStatus,statusSetBy,statusSetOn,conceptId,mappingType,comment,createdBy,createdOn
33,Date of birth,,,,502505,,Baseline characteristics,"Date of birth of participant.<p>Acquired from central registry, updated by participant. <p> This data-field will only be made available to researchers in exceptional circumstances. Wherever possible, reasearchers should use Month of Birth (~F52~) and Year of Birth (~F34~) instead.",1.0,IGNORED,,0,0,EVENT,Demographic,,1603209179758
53,Date of attending assessment centre,,,,574651,,Reception,Date that participant attended a UK Biobank assessment centre.<p>Automatically acquired at Reception stage.,0.605528235435486,IGNORED,,0,0,EVENT,Primary event date,,1603209179758
191,Date lost to follow-up,,,,1298,,Ongoing characteristics,Indicates the date from which a person is believed to be lost to follow-up. <p> If there are multiple reasons that a person is lost to follow-up then only the date of the earliest of them is listed. <br> <br> Please note this data-field has not been updated since May 2017. We are hoping to update this data-field to include more recent information in the next year.,0.936576783657074,IGNORED,,0,0,EVENT,Date of 190,,1603209179758
30002,White blood cell (leukocyte) count acquisition time,,,,503445,,Blood count processing,"Original collection time of sample used for ''White Blood Cell Count'' assay (blood sample obtained from UK Biobank assessment centre visit).''",0.324486285448074,IGNORED,,0,0,EVENT,Date of 30000,,1603209179758
30003,White blood cell (leukocyte) count device ID,,,,503445,,Blood count processing,Identifier for device used to measure White blood cell (leukocyte) count,0.554826617240906,FLAGGED,,0,37208925,EVENT,,,1602841826926
30012,Red blood cell (erythrocyte) count acquisition time,,,,503449,,Blood count processing,"Original collection time of sample used for ''Red Blood Cell Count'' assay (blood sample obtained from UK Biobank assessment centre visit).''",0.486985921859741,IGNORED,,0,0,EVENT,Date of 30010,,1603209179759
30013,Red blood cell (erythrocyte) count device ID,,,,503449,,Blood count processing,Identifier for device used to measure Red blood cell (erythrocyte) count,0.526212155818939,FLAGGED,,0,2212651,EVENT,,,1602841826929
30022,Haemoglobin concentration acquisition time,,,,503451,,Blood count processing,"Original collection time of sample used for ''Haemoglobin Concentration'' assay (blood sample obtained from UK Biobank assessment centre visit).''",0.736043751239777,IGNORED,,0,0,EVENT,Date of 30020,,1603209179759
30023,Haemoglobin concentration device ID,,,,503451,,Blood count processing,Identifier for device used to measure Haemoglobin concentration,0.843162655830383,FLAGGED,,0,4267675,EVENT,,,1602841826934
30032,Haematocrit acquisition time,,,,503451,,Blood count processing,"Original collection time of sample used for ''Haematocrit'' assay (blood sample obtained from UK Biobank assessment centre visit).''",0.621690630912781,IGNORED,,0,0,EVENT,Date of 30030,,1603209179759
30033,Haematocrit percentage device ID,,,,503451,,Blood count processing,Identifier for device used to measure Haematocrit percentage,0.609351933002472,FLAGGED,,0,316524,EVENT,,,1602841826939
30042,Mean corpuscular volume acquisition time,,,,503449,,Blood count processing,"Original collection time of sample used for ''Mean Corpuscular Volume'' assay (blood sample obtained from UK Biobank assessment centre visit).''",0.694410622119904,IGNORED,,0,0,EVENT,Date of 30040,,1603209179759
30043,Mean corpuscular volume device ID,,,,503449,,Blood count processing,Identifier for device used to measure Mean corpuscular volume,0.784650921821594,FLAGGED,,0,4013522,EVENT,,,1602841826958
30052,Mean corpuscular haemoglobin acquisition time,,,,503445,,Blood count processing,"Original collection time of sample used for ''Mean Corpuscular Haemoglobin'' assay (blood sample obtained from UK Biobank assessment centre visit).''",0.729196190834045,IGNORED,,0,0,EVENT,Date of 30050,,1603209179759
30053,Mean corpuscular haemoglobin device ID,,,,503445,,Blood count processing,Identifier for device used to measure Mean corpuscular haemoglobin,0.834481358528137,FLAGGED,,0,4182871,EVENT,,,1602841826963
30062,Mean corpuscular haemoglobin concentration acquisition time,,,,503441,,Blood count processing,"Original collection time of sample used for ''Mean Corpuscular Haemoglobin Concentration'' assay (blood sample obtained from UK Biobank assessment centre visit).''",0.759703636169434,IGNORED,,0,0,EVENT,Date of 30060,,1603209179759
30063,Mean corpuscular haemoglobin concentration device ID,,,,503441,,Blood count processing,Identifier for device used to measure Mean corpuscular haemoglobin concentration,0.861021876335144,FLAGGED,,0,4290193,EVENT,,,1602841826971
30072,Red blood cell (erythrocyte) distribution width acquisition time,,,,503449,,Blood count processing,"Original collection time of sample used for ''Red Distribution Width'' assay (blood sample obtained from UK Biobank assessment centre visit).''",0.62156492471695,IGNORED,,0,0,EVENT,Date of 30070,,1603209179759
30073,Red blood cell (erythrocyte) distribution width device ID,,,,503449,,Blood count processing,Identifier for device used to measure Red blood cell (erythrocyte) distribution width,0.660602390766144,FLAGGED,,0,37397924,EVENT,,,1602841826976
30082,Platelet count acquisition time,,,,503448,,Blood count processing,"Original collection time of sample used for ''Platelet Count'' assay (blood sample obtained from UK Biobank assessment centre visit).''",0.677215576171875,IGNORED,,0,0,EVENT,Date of 30080,,1603209179759
30083,Platelet count device ID,,,,503448,,Blood count processing,Identifier for device used to measure Platelet count,0.705421268939972,FLAGGED,,0,37393863,EVENT,,,1602841826983
30092,Platelet crit acquisition time,,,,497774,,Blood count processing,"Original collection time of sample used for ''Platelet Crit'' assay (blood sample obtained from UK Biobank assessment centre visit).''",0.67680424451828,IGNORED,,0,0,EVENT,Date of 30090,,1603209179759
30093,Platelet crit device ID,,,,497774,,Blood count processing,Identifier for device used to measure Platelet crit,0.623129010200501,FLAGGED,,0,44816616,EVENT,,,1602841826988
30102,Mean platelet (thrombocyte) volume acquisition time,,,,503441,,Blood count processing,"Original collection time of sample used for ''Mean Platelet Volume'' assay (blood sample obtained from UK Biobank assessment centre visit).''",0.459999740123749,IGNORED,,0,0,EVENT,Date of 30100,,1603209179759
30103,Mean platelet (thrombocyte) volume device ID,,,,503441,,Blood count processing,Identifier for device used to measure Mean platelet (thrombocyte) volume,0.49814185500145,FLAGGED,,0,37397923,EVENT,,,1602841826989
30112,Platelet distribution width acquisition time,,,,497773,,Blood count processing,"Original collection time of sample used for ''Platelet Distribution Width'' assay (blood sample obtained from UK Biobank assessment centre visit).''",0.759071886539459,IGNORED,,0,0,EVENT,Date of 30110,,1603209179759
30113,Platelet distribution width device ID,,,,497773,,Blood count processing,Identifier for device used to measure Platelet distribution width,0.853719234466553,FLAGGED,,0,37399282,EVENT,,,1602841826991
30122,Lymphocyte count acquisition time,,,,502543,,Blood count processing,"Original collection time of sample used for ''Lymphocytes Number'' assay (blood sample obtained from UK Biobank assessment centre visit).''",0.678410887718201,IGNORED,,0,0,EVENT,Date of 30120,,1603209179760
30123,Lymphocyte count device ID,,,,502543,,Blood count processing,Identifier for device used to measure Lymphocyte count,0.798641443252564,FLAGGED,,0,37393858,EVENT,,,1602841826993
30132,Monocyte count acquisition time,,,,502543,,Blood count processing,"Original collection time of sample used for ''Monocytes Number'' assay (blood sample obtained from UK Biobank assessment centre visit).''",0.657708168029785,IGNORED,,0,0,EVENT,Date of 30130,,1603209179760
30133,Monocyte count device ID,,,,502543,,Blood count processing,Identifier for device used to measure Monocyte count,0.781741440296173,FLAGGED,,0,37393859,EVENT,,,1602841826997
30142,Neutrophill count acquisition time,,,,502543,,Blood count processing,"Original collection time of sample used for ''Neutrophils Number'' assay (blood sample obtained from UK Biobank assessment centre visit).''",0.625119030475617,IGNORED,,0,0,EVENT,Date of 30140,,1603209179760
30143,Neutrophill count device ID,,,,502543,,Blood count processing,Identifier for device used to measure Neutrophill count,0.737427115440369,FLAGGED,,0,4148615,EVENT,,,1602841826999
30152,Eosinophill count acquisition time,,,,502543,,Blood count processing,"Original collection time of sample used for ''Eosinophils Number'' assay (blood sample obtained from UK Biobank assessment centre visit).''",0.612177610397339,IGNORED,,0,0,EVENT,Date of 30150,,1603209179760
30153,Eosinophill count device ID,,,,502543,,Blood count processing,Identifier for device used to measure Eosinophill count,0.724729418754578,FLAGGED,,0,37393857,EVENT,,,1602841827001
30162,Basophill count acquisition time,,,,502543,,Blood count processing,"Original collection time of sample used for ''Basophils Number'' assay (blood sample obtained from UK Biobank assessment centre visit).''",0.590120077133179,IGNORED,,0,0,EVENT,Date of 30160,,1603209179760
30163,Basophill count device ID,,,,502543,,Blood count processing,Identifier for device used to measure Basophill count,0.701115608215332,FLAGGED,,0,37398676,EVENT,,,1602841827002
30172,Nucleated red blood cell count acquisition time,,,,496853,,Blood count processing,"Original collection time of sample used for ''Nucleated Red Blood Cells Number'' assay (blood sample obtained from UK Biobank assessment centre visit).''",0.757055878639221,IGNORED,,0,0,EVENT,Date of 30170,,1603209179760
30173,Nucleated red blood cell count device ID,,,,496853,,Blood count processing,Identifier for device used to measure Nucleated red blood cell count,0.859169065952301,FLAGGED,,0,37399327,EVENT,,,1602841827003
30182,Lymphocyte percentage acquisition time,,,,502550,,Blood count processing,"Original collection time of sample used for ''Lymphocytes Percentage'' assay (blood sample obtained from UK Biobank assessment centre visit).''",0.677665054798126,IGNORED,,0,0,EVENT,Date of 30180,,1603209179760
30183,Lymphocyte percentage device ID,,,,502550,,Blood count processing,Identifier for device used to measure Lymphocyte percentage,0.779890716075897,FLAGGED,,0,37399254,EVENT,,,1602841827004
30192,Monocyte percentage acquisition time,,,,502550,,Blood count processing,"Original collection time of sample used for ''Monocytes Percentage'' assay (blood sample obtained from UK Biobank assessment centre visit).''",0.655942618846893,IGNORED,,0,0,EVENT,Date of 30190,,1603209179761
30193,Monocyte percentage device ID,,,,502550,,Blood count processing,Identifier for device used to measure Monocyte percentage,0.760013461112976,FLAGGED,,0,37393321,EVENT,,,1602841827007
30202,Neutrophill percentage acquisition time,,,,502550,,Blood count processing,"Original collection time of sample used for ''Neutrophils Percentage'' assay (blood sample obtained from UK Biobank assessment centre visit).''",0.615759015083313,IGNORED,,0,0,EVENT,Date of 30200,,1603209179761
30203,Neutrophill percentage device ID,,,,502550,,Blood count processing,Identifier for device used to measure Neutrophill percentage,0.709763109683991,FLAGGED,,0,37398605,EVENT,,,1602841827009
30212,Eosinophill percentage acquisition time,,,,502550,,Blood count processing,"Original collection time of sample used for ''Eosinophils Percentage'' assay (blood sample obtained from UK Biobank assessment centre visit).''",0.578024685382843,IGNORED,,0,0,EVENT,Date of 30210,,1603209179761
30213,Eosinophill percentage device ID,,,,502550,,Blood count processing,Identifier for device used to measure Eosinophill percentage,0.667755722999573,FLAGGED,,0,37399255,EVENT,,,1602841827010
30222,Basophill percentage acquisition time,,,,502550,,Blood count processing,"Original collection time of sample used for ''Basophils Percentage'' assay (blood sample obtained from UK Biobank assessment centre visit).''",0.598378717899323,IGNORED,,0,0,EVENT,Date of 30220,,1603209179762
30223,Basophill percentage device ID,,,,502550,,Blood count processing,Identifier for device used to measure Basophill percentage,0.69751900434494,FLAGGED,,0,37398606,EVENT,,,1602841827010
30232,Nucleated red blood cell percentage acquisition time,,,,496854,,Blood count processing,"Original collection time of sample used for ''Nucleated Red Blood Cells Percentage'' assay (blood sample obtained from UK Biobank assessment centre visit).''",0.714475870132446,IGNORED,,0,0,EVENT,Date of 30230,,1603209179762
30233,Nucleated red blood cell percentage device ID,,,,496854,,Blood count processing,Identifier for device used to measure Nucleated red blood cell percentage,0.798789799213409,FLAGGED,,0,37393325,EVENT,,,1602841827011
30242,Reticulocyte percentage acquisition time,,,,494714,,Blood count processing,"Original collection time of sample used for ''Reticulocytes Percentage'' assay (blood sample obtained from UK Biobank assessment centre visit).''",0.655441045761108,IGNORED,,0,0,EVENT,Date of 30240,,1603209179762
30243,Reticulocyte percentage device ID,,,,494714,,Blood count processing,Identifier for device used to measure Reticulocyte percentage,0.749755322933197,FLAGGED,,0,37393631,EVENT,,,1602841827013
30252,Reticulocyte count acquisition time,,,,494715,,Blood count processing,"Original collection time of sample used for ''Reticulocytes Number'' assay (blood sample obtained from UK Biobank assessment centre visit).''",0.698107004165649,IGNORED,,0,0,EVENT,Date of 30250,,1603209179762
30253,Reticulocyte count device ID,,,,494715,,Blood count processing,Identifier for device used to measure Reticulocyte count,0.814914643764496,FLAGGED,,0,37397920,EVENT,,,1602841827013
30262,Mean reticulocyte volume acquisition time,,,,494715,,Blood count processing,"Original collection time of sample used for ''Mean Reticulocytes Volume'' assay (blood sample obtained from UK Biobank assessment centre visit).''",0.602562844753265,IGNORED,,0,0,EVENT,Date of 30260,,1603209179762
30263,Mean reticulocyte volume device ID,,,,494715,,Blood count processing,Identifier for device used to measure Mean reticulocyte volume,0.663035452365875,FLAGGED,,0,3049858,EVENT,,,1602841827016
30272,Mean sphered cell volume acquisition time,,,,489146,,Blood count processing,"Original collection time of sample used for ''Mean Sphered Cells Volume'' assay (blood sample obtained from UK Biobank assessment centre visit).''",0.582206726074219,IGNORED,,0,0,EVENT,Date of 30270,,1603209179763
30273,Mean sphered cell volume device ID,,,,489146,,Blood count processing,Identifier for device used to measure Mean sphered cell volume,0.667293071746826,FLAGGED,,0,4273303,EVENT,,,1602841827020
30282,Immature reticulocyte fraction acquisition time,,,,489144,,Blood count processing,"Original collection time of sample used for ''Immature Reticulocytes Fraction'' assay (blood sample obtained from UK Biobank assessment centre visit).''",0.78032374382019,IGNORED,,0,0,EVENT,Date of 30280,,1603209179763
30283,Immature reticulocyte fraction device ID,,,,489144,,Blood count processing,Identifier for device used to measure Immature reticulocyte fraction,0.870642364025116,FLAGGED,,0,37397780,EVENT,,,1602841827023
30292,High light scatter reticulocyte percentage acquisition time,,,,489146,,Blood count processing,"Original collection time of sample used for ''High Light Scatter Reticulocytes Percentage'' assay (blood sample obtained from UK Biobank assessment centre visit).''",0.556144714355469,IGNORED,,0,0,EVENT,Date of 30290,,1603209179763
30293,High light scatter reticulocyte percentage device ID,,,,489146,,Blood count processing,Identifier for device used to measure High light scatter reticulocyte percentage,0.608081758022308,FLAGGED,,0,37393631,EVENT,,,1602841827024
30302,High light scatter reticulocyte count acquisition time,,,,489145,,Blood count processing,"Original collection time of sample used for ''High Light Scatter Reticulocytes Number'' assay (blood sample obtained from UK Biobank assessment centre visit).''",0.567585527896881,IGNORED,,0,0,EVENT,Date of 30300,,1603209179763
30303,High light scatter reticulocyte count device ID,,,,489145,,Blood count processing,Identifier for device used to measure High light scatter reticulocyte count,0.625239133834839,FLAGGED,,0,37397920,EVENT,,,1602841827024
30502,Microalbumin in urine acquisition time,,,,503625,,Urine processing,"Original collection time of sample used for ''Microalbumin in urine'' assay (urine sample obtained from UK Biobank assessment centre visit).''",0.613057494163513,IGNORED,Maxim,1603208678668,0,EVENT,Date of 30500,,1603209179763
30512,Creatinine (enzymatic) in urine acquisition time,,,,503650,,Urine processing,"Original collection time of sample used for ''Creatinine (enzymatic) in urine'' assay (urine sample obtained from UK Biobank assessment centre visit).''",0.436792284250259,IGNORED,Maxim,1603208659729,0,EVENT,Date of 30510,,1603209179763
30522,Potassium in urine acquisition time,,,,503644,,Urine processing,"Original collection time of sample used for ''Potassium in urine'' assay (urine sample obtained from UK Biobank assessment centre visit).''",0.593665897846222,IGNORED,Maxim,1603208669375,0,EVENT,Date of 30520,,1603209179763
30532,Sodium in urine acquisition time,,,,503642,,Urine processing,"Original collection time of sample used for ''Sodium in urine'' assay (urine sample obtained from UK Biobank assessment centre visit).''",0.623433113098145,IGNORED,Maxim,1603208698176,0,EVENT,Date of 30530,,1603209179763
30601,Albumin assay date,,,,492166,,Blood biochemistry processing,The date on which the Albumin assay was carried out.,0.619896709918976,IGNORED,,0,0,EVENT,Date of 30600,,1603209179763
30611,Alkaline phosphatase assay date,,,,492199,,Blood biochemistry processing,The date on which the Alkaline phosphatase assay was carried out.,0.85117781162262,IGNORED,,0,0,EVENT,Date of 30610,,1603209179763
30621,Alanine aminotransferase assay date,,,,492289,,Blood biochemistry processing,The date on which the Alanine aminotransferase assay was carried out.,0.796922266483307,IGNORED,,0,0,EVENT,Date of 30620,,1603209179763
30631,Apolipoprotein A assay date,,,,491502,,Blood biochemistry processing,The date on which the Apolipoprotein A assay was carried out.,0.726284563541412,IGNORED,,0,0,EVENT,Date of 30630,,1603209179763
30641,Apolipoprotein B assay date,,,,491978,,Blood biochemistry processing,The date on which the Apolipoprotein B assay was carried out.,0.695642232894898,IGNORED,,0,0,EVENT,Date of 30640,,1603209179763
30651,Aspartate aminotransferase assay date,,,,492275,,Blood biochemistry processing,The date on which the Aspartate aminotransferase assay was carried out.,0.823219358921051,IGNORED,,0,0,EVENT,Date of 30650,,1603209179763
30661,Direct bilirubin assay date,,,,491704,,Blood biochemistry processing,The date on which the Direct bilirubin assay was carried out.,0.775959134101868,IGNORED,,0,0,EVENT,Date of 30660,,1603209179763
30671,Urea assay date,,,,491929,,Blood biochemistry processing,The date on which the Urea assay was carried out.,0.583005785942078,IGNORED,,0,0,EVENT,Date of 30670,,1603209179763
30681,Calcium assay date,,,,491783,,Blood biochemistry processing,The date on which the Calcium assay was carried out.,0.518429696559906,IGNORED,,0,0,EVENT,Date of 30680,,1603209179763
30691,Cholesterol assay date,,,,492210,,Blood biochemistry processing,The date on which the Cholesterol assay was carried out.,0.58804190158844,IGNORED,,0,0,EVENT,Date of 30690,,1603209179763
30701,Creatinine assay date,,,,491924,,Blood biochemistry processing,The date on which the Creatinine assay was carried out.,0.66477769613266,IGNORED,,0,0,EVENT,Date of 30700,,1603209179763
30711,C-reactive protein assay date,,,,491793,,Blood biochemistry processing,The date on which the C-reactive protein assay was carried out.,0.807423412799835,IGNORED,,0,0,EVENT,Date of 30710,,1603209179763
30721,Cystatin C assay date,,,,492109,,Blood biochemistry processing,The date on which the Cystatin C assay was carried out.,0.554879426956177,IGNORED,,0,0,EVENT,Date of 30720,,1603209179763
30731,Gamma glutamyltransferase assay date,,,,492098,,Blood biochemistry processing,The date on which the Gamma glutamyltransferase assay was carried out.,0.714917719364166,IGNORED,,0,0,EVENT,Date of 30730,,1603209179764
30741,Glucose assay date,,,,491499,,Blood biochemistry processing,The date on which the Glucose assay was carried out.,0.570075273513794,IGNORED,,0,0,EVENT,Date of 30740,,1603209179764
30751,Glycated haemoglobin (HbA1c) assay date,,,,497018,,Blood biochemistry processing,The date on which the Glycated haemoglobin (HbA1c) assay was carried out.,0.735438466072083,IGNORED,,0,0,EVENT,Date of 30750,,1603209179764
30761,HDL cholesterol assay date,,,,492031,,Blood biochemistry processing,The date on which the HDL cholesterol assay was carried out.,0.779776275157929,IGNORED,,0,0,EVENT,Date of 30760,,1603209179764
30771,IGF-1 assay date,,,,489412,,Blood biochemistry processing,The date on which the IGF-1 assay was carried out.,0.535548806190491,IGNORED,,0,0,EVENT,Date of 30770,,1603209179764
30781,LDL direct assay date,,,,491398,,Blood biochemistry processing,The date on which the LDL direct assay was carried out.,0.65597015619278,IGNORED,,0,0,EVENT,Date of 30780,,1603209179764
30791,Lipoprotein A assay date,,,,476754,,Blood biochemistry processing,The date on which the Lipoprotein A assay was carried out.,0.658040821552277,IGNORED,,0,0,EVENT,Date of 30790,,1603209179764
30801,Oestradiol assay date,,,,457597,,Blood biochemistry processing,The date on which the Oestradiol assay was carried out.,0.65193098783493,IGNORED,,0,0,EVENT,Date of 30800,,1603209179764
30811,Phosphate assay date,,,,491234,,Blood biochemistry processing,The date on which the Phosphate assay was carried out.,0.69599974155426,IGNORED,,0,0,EVENT,Date of 30810,,1603209179764
30821,Rheumatoid factor assay date,,,,491389,,Blood biochemistry processing,The date on which the Rheumatoid factor assay was carried out.,0.787257671356201,IGNORED,,0,0,EVENT,Date of 30820,,1603209179764
30831,SHBG assay date,,,,487284,,Blood biochemistry processing,The date on which the SHBG assay was carried out.,0.700357973575592,IGNORED,,0,0,EVENT,Date of 30830,,1603209179764
30841,Total bilirubin assay date,,,,491869,,Blood biochemistry processing,The date on which the Total bilirubin assay was carried out.,0.760848879814148,IGNORED,,0,0,EVENT,Date of 30840,,1603209179764
30851,Testosterone assay date,,,,487425,,Blood biochemistry processing,The date on which the Testosterone assay was carried out.,0.670258283615112,IGNORED,,0,0,EVENT,Date of 30850,,1603209179764
30861,Total protein assay date,,,,491709,,Blood biochemistry processing,The date on which the Total protein assay was carried out.,0.713191509246826,IGNORED,,0,0,EVENT,Date of 30860,,1603209179764
30871,Triglycerides assay date,,,,491889,,Blood biochemistry processing,The date on which the Triglycerides assay was carried out.,0.784792602062225,IGNORED,,0,0,EVENT,Date of 30870,,1603209179764
30881,Urate assay date,,,,491703,,Blood biochemistry processing,The date on which the Urate assay was carried out.,0.642554342746735,IGNORED,,0,0,EVENT,Date of 30880,,1603209179764
30891,Vitamin D assay date,,,,491925,,Blood biochemistry processing,The date on which the Vitamin D assay was carried out.,0.572092294692993,IGNORED,,0,0,EVENT,Date of 30890,,1603209179764
40000,Date of death,,,,30263,,Death register,Date of death.<p>Acquired from central registry.,1.0,IGNORED,,0,0,EVENT,Date of 40001,,1603209179764
40005,Date of cancer diagnosis,,,,118715,,Cancer register,"Date of cancer diagnosis, acquired from central registry. <p>Note that data from the most recent 12-18 months is still accruing (i.e. it is not complete). <p> The events/dates are indexed in the order in which they are received and processed by UK Biobank rather than in their own chronological order.",0.83932763338089,IGNORED,,0,0,EVENT,"Date of 40006,40013",,1603209179764
40010,Description of cause of death,,,,17147,,Death register,"Underlying/primary cause of death reported for participant - text description. This is the cause of death (entered as free-text) from the Medical Certificate of Cause of Death (MCCD). The data-field reveals the sequence leading to death, underlying cause and contributory causes that led to subsequent death. It is composed of the following sections: <ul> <li>I(a) is free-text description stored in the I(a) section on the death certificate;</li> <li>I(b) is free-text description stored in the I(b) section on the death certificate;</li> <li>I(c) is free-text description stored in the I(c) section on the death certificate;</li> <li>I(d) is free-text description stored in the I(d) section on the death certificate (populated for Scottish deaths only);</li> <li>II is free-text description stored in the II section on the death certificate;</li> <li>Verdict given (where present) - information from post mortem investigation and/or results of investigations initiated ante mortem.</li> </ul> <p> Note that this may not match the coded values in ~F40001~ and ~F40002~ due to transcription errors at source. The content has also been manually cleaned to remove any information which might be used towards identifying the subject.",0.71222186088562,FLAGGED,,0,45880469,EVENT,This is free-text to be stored as note. New mapping approach needed for text fields,,1602841827036
40014,Underlying (primary) cause of death: ICD10 addendum,,,,-1,,Death register,Supplementary flag relating to underlying/primary cause of death reported for participant.<p>Acquired from central registry.,0.543115377426148,IGNORED,Maxim,1602843041431,0,EVENT,Empty according to data dictionary,,1603209179764
40015,Contributory (secondary) cause of death: ICD10 addendum,,,,-1,,Death register,Supplementary flag relating to contributory/secondary cause of death reported for participant.<p>Acquired from central registry.,0.459375947713852,IGNORED,Maxim,1602842758873,0,EVENT,Empty according to data dictionary,,1603209179764
40016,Type of cancer: ICD10 addendum,,,,-1,,Cancer register,"Supplementary flag relating to the ICD10 code for the type of cancer. <p>Addendum data consists of special characters affixed to the ICD code, encoded with ~C41~. <p>Acquired from central registry.",0.547840416431427,IGNORED,,0,0,EVENT,Empty according to data dictionary,,1603209179764
40017,Type of cancer: ICD9 addendum,,,,-1,,Cancer register,Supplementary flag relating to the ICD9 code for the type of cancer.<p>Acquired from central registry.,0.512554585933685,IGNORED,,0,0,EVENT,Empty according to data dictionary,,1603209179764
41206,Intended management of patient (polymorphic),,,,738542,,Summary Administration,"This field is a summary of the distinct intended management codes a participant has had recorded in their hospital inpatient records. The intended management of a patient is their planned duration of hospital stay, i.e. whether an overnight stay was anticipated or not. <p>Note that the original information was obtained from a variety of external sources, some of which used overlapping and contradictory coding schemes. The values in this field can therefore only be interpreted when the source of the items is known (see ~F41253~) using the source-specific codings ~C209~ and ~C260~. It is recommended that the re-coded ~F41244~ is used instead of this one. <p>This field corresponds to the field INTMANAG on the HESIN table; see the Inpatient Data Dictionary (~R141140~) in ~L2000~ for information about the HESIN table. <p>In order to conduct detailed analyses of this data using the source information, researchers will need to gain access to the HESIN table by adding ~F41259~ to their basket.",0.444153070449829,FLAGGED,,0,0,EVENT,Recoded in 41244,,1603209179764
41207,Main speciality of consultant (polymorphic),,,,1096497,,Summary Administration,"This field is a summary of the distinct consultant speciality codes a participant has had recorded in their hospital inpatient records. The main speciality of the consultant is the specialism under which the consultant is contracted, e.g. cardiology or geriatric medicine, etc. <p>Note that the original information was obtained from a variety of external sources, some of which used overlapping and contradictory coding schemes. The values in this field can therefore only be interpreted when the source of the items is known (see ~F41253~) using the source-specific codings ~C210~ and ~C258~. It is recommended that the re-coded ~F41245~ is used instead of this one. <p>This field corresponds to the field MAINSPEF on the HESIN table; see the Inpatient Data Dictionary (~R141140~) in ~L2000~ for information about the HESIN table. <p>In order to conduct detailed analyses of this data using the source information, researchers will need to gain access to the HESIN table by adding ~F41259~ to their basket.",0.367187410593033,FLAGGED,,0,0,EVENT,Recoded in 41245,,1603209179764
41208,Treatment speciality of consultant (polymorphic),,,,1227994,,Summary Administration,"This field is a summary of the distinct treatment speciality codes a participant has had recorded in their hospital inpatient records. The treatment speciality of the consultant is the specialism under which the consultant was working, e.g. cardiology or geriatric medicine, etc. <p>Note that the original information was obtained from a variety of external sources, some of which used overlapping and contradictory coding schemes. The values in this field can therefore only be interpreted when the source of each item is known (see ~F41253~) using the source-specific codings ~C211~, ~C250~, ~C251~ and ~C257~. It is recommended that the re-coded ~F41246~ is used instead of this one. <p>This field corresponds to the field TRETSPEF on the HESIN table; see the Inpatient Data Dictionary (~R141140~) in ~L2000~ for information about the HESIN table. <p>In order to conduct detailed analyses of this data using the source information, researchers will need to gain access to the HESIN table by adding ~F41259~ to their basket.",0.426189243793488,FLAGGED,,0,0,EVENT,Recoded in 41246,,1603209179764
41209,Patient classification on admission (polymorphic),,,,666531,,Summary Administration,"This field is a summary of the distinct patient classification codes a participant has had recorded in their hospital inpatient records. Patient classification on admission identifies the type of patient, e.g. whether they are a regular attender or a maternity admission, etc. <p>Note that the original information was obtained from a variety of external sources, some of which used overlapping and contradictory coding schemes. The values in this field can therefore only be interpreted when the source of each item is known (see ~F41253~) using the source-specific codings ~C208~, ~C245~, ~C246~ and ~C254~. It is recommended that the re-coded ~F41247~ is used instead of this one. <p>This field corresponds to the field CLASSPAT on the HESIN table; see the Inpatient Data Dictionary (~R141140~) in ~L2000~ for information about the HESIN table. <p>In order to conduct detailed analyses of this data using the source information, researchers will need to gain access to the HESIN table by adding ~F41259~ to their basket.",0.483125478029251,FLAGGED,,0,0,EVENT,Recoded in 41247,,1603209179764
41211,Destinations on discharge from hospital (polymorphic),,,,540199,,Summary Administration,"This field is a summary of the distinct destination on discharge codes a participant has had recorded in their hospital inpatient records. Destination on discharge identifies whether a patient was due to return to their usual place of residence on leaving hospital, or whether they were due to go elsewhere. <p>This field corresponds to the field DISDEST on the HESIN table; see the Inpatient Data Dictionary (~R141140~) in ~L2000~ for information about the HESIN table. <p>Note that the original information was obtained from a variety of external sources, some of which used overlapping and contradictory coding schemes. The values in this field can therefore only be interpreted when the source of the items is known (see ~F41253~) using the source-specific codings ~C205~, ~C247~ and ~C255~. It is recommended that the re-coded ~F41248~ is used instead of this one. <p>In order to conduct detailed analyses of this data using the source information, researchers will need to gain access to the HESIN tables by adding ~F41259~ to their basket.",0.627912521362305,FLAGGED,,0,4203130,EVENT,Recoded in 41248,,1602841827051
41212,Methods of admission to hospital (polymorphic),,,,1003635,,Summary Administration,"This field is a summary of the distinct method of admission codes a participant has had recorded in their hospital inpatient records. Method of admission to hospital identifies how a patient was admitted, e.g. an elective admission from a waiting list or an emergency admission, etc. <p>Note that the original information was obtained from a variety of external sources, some of which used overlapping and contradictory coding schemes. The values in this field can therefore only be interpreted when the source of each item is known (see ~F41253~) using the source-specific codings ~C202~, ~C241~, ~C242~ and ~C252~. It is recommended that the re-coded ~F41249~ is used instead of this one. <p>This field corresponds to the field ADMIMETH on the HESIN table; see the Inpatient Data Dictionary (~R141140~) in ~L2000~ for information about the HESIN table. <p>In order to conduct detailed analyses of this data using the source information, researchers will need to gain access to the HESIN table by adding ~F41259~ to their basket.",0.605032682418823,FLAGGED,,0,8715,EVENT,Recoded in 41249,,1602841827054
41213,Methods of discharge from hospital (polymorphic),,,,535047,,Summary Administration,"This field is a summary of the distinct method of discharge codes a participant has had recorded in their hospital inpatient records. Method of discharge from hospital identifies how a patient was discharged - i.e. whether this was on clinical advice, the patient died in hospital or the patient discharged themselves. <p>Note that the original information was obtained from a variety of external sources, some of which used overlapping and contradictory coding schemes. The values in this field can therefore only be interpreted when the source of each item is known (see ~F41253~) using the source-specific codings ~C206~, ~C248~, ~C249~ and ~C256~. It is recommended that the re-coded ~F41250~ is used instead of this one. <p>This field corresponds to the field DISMETH on the HESIN table; see the Inpatient Data Dictionary (~R141140~) in ~L2000~ for information about the HESIN table. <p>In order to conduct detailed analyses of this data using the source information, researchers will need to gain access to the HESIN table by adding ~F41259~ to their basket.",0.619344890117645,FLAGGED,,0,4203130,EVENT,Recoded in 41250,,1602841827054
41257,Date of first operative procedure - main OPCS3,,,,15453,,Summary Operations,"This field provides, for each participant, the dates when each of the main procedures in ~F41256~ was first recorded in the participant's hospital inpatient records. The date can be linked to ~F41256~ by using the array structure. <p> Please note that we have opted to populate this data-field with the episode start date (EPISTART in the HESIN table) or, if that was missing, the admission start date (ADMIDATE in the HESIN table) rather than use the operation date (OPDATE in the HESIN_OPER table). The rationale for this was: <ul> <li>around 1 in 5 primary procedures lacked a corresponding value for OPDATE in HESIN_OPER;</li> <br> <li>some recorded OPDATEs were inconsistent with the other date fields such as EPISTART, ADMIDATE, EPIEND and DISDATE (most likely due to data entry errors);</li> <br> <li>for those episodes with a value for OPDATE recorded the majority were the same as the value of EPISTART, with around 99% of OPDATE values within 7 days of the value of EPISTART;</li> <br> <li>values of EPISTART/ADMIDATE are more complete and thus may provide greater consistency across data providers.</li> </ul> <p>See the Operations tab of the Hospital Inpatient Data Dictionary (~R141140~) for further information about these fields. <p>Please note OPCS-3 coded hospital inpatient data are only available for older Scottish hospital records.",0.459821164608002,IGNORED,Maxim,1603208831932,0,EVENT,Date of 41256,,1603209179765
41260,Date of first operative procedure - main OPCS4,,,,1655805,,Summary Operations,"This field provides, for each participant, the dates when each of the main procedures in ~F41200~ was first recorded in the participant's hospital inpatient records. The date can be linked to ~F41200~ by using the array structure. <p> Please note that we have opted to populate this data-field with the episode start date (EPISTART in the HESIN table) or, if that was missing, the admission start date (ADMIDATE in the HESIN table) rather than use the operation date (OPDATE in the HESIN_OPER table). The rationale for this was: <ul> <li>around 1 in 5 primary procedures lacked a corresponding value for OPDATE in HESIN_OPER;</li> <br> <li>some recorded OPDATEs were inconsistent with the other date fields such as EPISTART, ADMIDATE, EPIEND and DISDATE (most likely due to data entry errors);</li> <br> <li>for those episodes with a value for OPDATE recorded the majority were the same as the value of EPISTART, with around 99% of OPDATE values within 7 days of the value of EPISTART;</li> <br> <li>values of EPISTART/ADMIDATE are more complete and thus may provide greater consistency across data providers.</li> </ul> <p>See the Operations tab of the Hospital Inpatient Data Dictionary (~R141140~) for further information about these fields.",0.456580609083176,IGNORED,Maxim,1603208851955,0,EVENT,Date of 41200,,1603209179765
41262,Date of first in-patient diagnosis - main ICD10,,,,1726257,,Summary Diagnoses,"This field provides, for each participant, the date each ICD-10 diagnosis code was first recorded in the primary/main position in the participant's hospital inpatient records (in the field DIAG_ICD10 in the HESIN_DIAG table). <p>The date given is the episode start date (the EPISTART field on the HESIN table), or if this was missing the admission date (the ADMIDATE field on the HESIN table). See the Inpatient data Dictionary (~R141140~) in ~L2000~ for information about the HESIN and HESIN_DIAG tables. <p>The corresponding primary/main ICD10 diagnosis codes can be found in ~F41202~ and the two fields can be linked using the array structure.",0.484873205423355,IGNORED,Maxim,1603208794195,0,EVENT,Date of 41202,,1603209179765
41263,Date of first in-patient diagnosis - main ICD9,,,,42828,,Summary Diagnoses,"This field provides, for each participant, the date each ICD-9 diagnosis code was first recorded in the primary/main position in the participant's hospital inpatient records (in the field DIAG_ICD9 in the HESIN_DIAG table). <p>The date given is the episode start date (the EPISTART field on the HESIN table), or if this was missing the admission date (the ADMIDATE field on the HESIN table). See the Inpatient data Dictionary (~R141140~) in ~L2000~ for information about the HESIN and HESIN_DIAG tables. <p>The corresponding ICD-9 diagnosis codes can be found in data-field ~F41203~ and the two fields can be linked using the array structure. Please note ICD-9 coded hospital inpatient data are only available for older Scottish hospital records.",0.482877612113953,IGNORED,Maxim,1603208814905,0,EVENT,Date of 41203,,1603209179765
41280,Date of first in-patient diagnosis - ICD10,,,,4131455,,Summary Diagnoses,"This field provides, for each participant, the date each ICD-10 diagnosis code was first recorded in either the primary or secondary position in the participant's hospital inpatient records (in the field DIAG_ICD10 in the HESIN_DIAG table). <p>The date given is the episode start date (the EPISTART field on the HESIN table), or if this was missing the admission date (the ADMIDATE field on the HESIN table). See the Inpatient data Dictionary (~R141140~) in ~L2000~ for information about the HESIN and HESIN_DIAG tables. <p>The corresponding ICD-10 diagnosis codes can be found in data-field ~F41270~ and the two fields can be linked using the array structure.",0.503647446632385,IGNORED,Maxim,1603208737259,0,EVENT,Date of 41270,,1603209179765
41281,Date of first in-patient diagnosis - ICD9,,,,58699,,Summary Diagnoses,"This field provides, for each participant, the date each ICD-9 diagnosis code was first recorded as a primary or secondary diagnosis in the participant's hospital inpatient records (in the field DIAG_ICD9 in the HESIN_DIAG table). <p>The date given is the episode start date (the EPISTART field on the HESIN table), or if this was missing the admission date (the ADMIDATE field on the HESIN table). See the Inpatient data Dictionary (~R141140~) in ~L2000~ for information about the HESIN and HESIN_DIAG tables. <p>The corresponding ICD-9 diagnosis codes can be found in data-field ~F41271~ and the two fields can be linked using the array structure. <p> Please note ICD-9 coded hospital data are only available for older Scottish hospital records.",0.501412034034729,IGNORED,Maxim,1603208761709,0,EVENT,Date of 41271,,1603209179765
41282,Date of first operative procedure - OPCS4,,,,3640168,,Summary Operations,"This field provides, for each participant, the dates when each of the procedures in ~F41272~ was first recorded in the participant's hospital inpatient records (in either the main or a secondary position). The date can be linked to ~F41272~ by using the array structure. <p> Please note that we have opted to populate this data-field with the episode start date (EPISTART in the HESIN table) or, if that was missing, the admission start date (ADMIDATE in the HESIN table) rather than use the operation date (OPDATE in the HESIN_OPER table). The rationale for this was: <ul> <li>around 1 in 5 primary procedures lacked a corresponding value for OPDATE in HESIN_OPER;</li> <br> <li>some recorded OPDATEs were inconsistent with the other date fields such as EPISTART, ADMIDATE, EPIEND and DISDATE (most likely due to data entry errors);</li> <br> <li>for those episodes with a value for OPDATE recorded the majority were the same as the value of EPISTART, with around 99% of OPDATE values within 7 days of the value of EPISTART;</li> <br> <li>values of EPISTART/ADMIDATE are more complete and thus may provide greater consistency across data providers.</li> </ul> <p>See the Operations tab of the Hospital Inpatient Data Dictionary (~R141140~) for further information about these fields.",0.476568877696991,IGNORED,Maxim,1603208879474,0,EVENT,Date of 41272,,1603209179765
41283,Date of first operative procedure - OPCS3,,,,18581,,Summary Operations,"This field provides, for each participant, the dates when each of the procedures in ~F41273~ was first recorded in the participant's hospital inpatient records (in either the main or a secondary position). The date can be linked to ~F41273~ by using the array structure. <p> Please note that we have opted to populate this data-field with the episode start date (EPISTART in the HESIN table) or, if that was missing, the admission start date (ADMIDATE in the HESIN table) rather than use the operation date (OPDATE in the HESIN_OPER table). The rationale for this was: <ul> <li>around 1 in 5 primary procedures lacked a corresponding value for OPDATE in HESIN_OPER;</li> <br> <li>some recorded OPDATEs were inconsistent with the other date fields such as EPISTART, ADMIDATE, EPIEND and DISDATE (most likely due to data entry errors);</li> <br> <li>for those episodes with a value for OPDATE recorded the majority were the same as the value of EPISTART, with around 99% of OPDATE values within 7 days of the value of EPISTART;</li> <br> <li>values of EPISTART/ADMIDATE are more complete and thus may provide greater consistency across data providers.</li> </ul> <p>See the Operations tab of the Hospital Inpatient Data Dictionary (~R141140~) for further information about these fields. <p>Please note OPCS-3 coded hospital inpatient data are only available for older Scottish hospital records.",0.480257481336594,IGNORED,Maxim,1603208865889,0,EVENT,Date of 41273,,1603209179765
