sourceCode,sourceName,sourceValueCode,sourceValueName,sourceUnitName,sourceFrequency,sourceAutoAssignedConceptIds,ADD_INFO:notes,matchScore,mappingStatus,statusSetBy,statusSetOn,conceptId,mappingType,comment,createdBy,createdOn
30850,Testosterone,,,nmol/L,441248,,Measured by one step competitive analysis on a Beckman Coulter Unicel Dxl 800,1.0,APPROVED,,0,4020107,EVENT,,,1602749301017
30850,Testosterone,,,nmol/L,441248,,Measured by one step competitive analysis on a Beckman Coulter Unicel Dxl 800,1.0,APPROVED,,0,8736,UNIT,,,1602749301022
30720,Cystatin C,,,mg/L,487423,,Measured by latex enhanced immunoturbidimetric analysis on a Siemens ADVIA 1800,0.6454161405563354,APPROVED,,0,44789161,EVENT,,,1602749301025
30720,Cystatin C,,,mg/L,487423,,Measured by latex enhanced immunoturbidimetric analysis on a Siemens ADVIA 1800,0.6454161405563354,APPROVED,,0,8751,UNIT,,,1602749301026
30250,Reticulocyte count,,,10^12 cells/Litre,494715,,"Result of Reticulocytes Number assay, performed on blood sample, obtained from UK Biobank assessment centre visit. Reticulocytes count is computed from the reticulocyte per cent multiplied by the red blood cell count.",1.0,APPROVED,,0,4263581,EVENT,,,1602749301028
30250,Reticulocyte count,,,10^12 cells/Litre,494715,,"Result of Reticulocytes Number assay, performed on blood sample, obtained from UK Biobank assessment centre visit. Reticulocytes count is computed from the reticulocyte per cent multiplied by the red blood cell count.",1.0,APPROVED,,0,44777575,UNIT,,,1602749301030
2744,Birth weight of first child,,,pounds,250515,,"ACE touchscreen question What was the birth weight of your first child in pounds? (do not include twins)  The following checks were performed: If answer < 2 then rejected If answer > 16 then rejected If answer > 12 then participant asked to confirm If the participant activated the Help button they were shown the message: If you are unsure of the weight in pounds, here is a conversion table for pounds, grams and kilograms. Pounds  Grams  Kilograms 2  907  0.91 3  1361  1.36 4  1814  1.81 5  2268  2.27 6  2721  2.72 7  3175  3.18 8  3629  3.63 9  4082  4.08 10  4536  4.54 11  4990  4.99 12  5443  5.44 13  5897  5.90 14  6350  6.35 15  6804  6.80 An exact answer is not necessary. Please enter the birthweight to the closest pound. If your first birth was twins or other multiple birth, enter the birthweight of the first singleton birth. If you have only had twins or other multiple births then select Only twins. ~F2744~ was collected from women who indicated they had given birth to at least one child, as defined by their answers to ~F2734~",0.7077881097793579,APPROVED,,0,35810314,EVENT,,,1602749301031
2744,Birth weight of first child,,,pounds,250515,,"ACE touchscreen question What was the birth weight of your first child in pounds? (do not include twins)  The following checks were performed: If answer < 2 then rejected If answer > 16 then rejected If answer > 12 then participant asked to confirm If the participant activated the Help button they were shown the message: If you are unsure of the weight in pounds, here is a conversion table for pounds, grams and kilograms. Pounds  Grams  Kilograms 2  907  0.91 3  1361  1.36 4  1814  1.81 5  2268  2.27 6  2721  2.72 7  3175  3.18 8  3629  3.63 9  4082  4.08 10  4536  4.54 11  4990  4.99 12  5443  5.44 13  5897  5.90 14  6350  6.35 15  6804  6.80 An exact answer is not necessary. Please enter the birthweight to the closest pound. If your first birth was twins or other multiple birth, enter the birthweight of the first singleton birth. If you have only had twins or other multiple births then select Only twins. ~F2744~ was collected from women who indicated they had given birth to at least one child, as defined by their answers to ~F2734~",0.7077881097793579,APPROVED,,0,8739,UNIT,,,1602749301031
30150,Eosinophill count,,,10^9 cells/Litre,502543,,"Result of Eosinophils Number assay, performed on blood sample, obtained from UK Biobank assessment centre visit. Eosinophils count is the proportion of ( eosinophils / 100 ) x white blood cell count.",0.9199434518814087,APPROVED,,0,4216098,EVENT,,,1602749301032
30150,Eosinophill count,,,10^9 cells/Litre,502543,,"Result of Eosinophils Number assay, performed on blood sample, obtained from UK Biobank assessment centre visit. Eosinophils count is the proportion of ( eosinophils / 100 ) x white blood cell count.",0.9199434518814087,APPROVED,,0,44777588,UNIT,,,1602749301035
30050,Mean corpuscular haemoglobin,,,picograms,503445,,"Result of Mean Corpuscular Haemoglobin assay, performed on blood sample, obtained from UK Biobank assessment centre visit.",0.8902655839920044,APPROVED,,0,4182871,EVENT,,,1602749301038
30050,Mean corpuscular haemoglobin,,,picograms,503445,,"Result of Mean Corpuscular Haemoglobin assay, performed on blood sample, obtained from UK Biobank assessment centre visit.",0.8902655839920044,APPROVED,,0,8564,UNIT,,,1602749301041
30650,Aspartate aminotransferase,,,U/L,485602,,Measured by IFCC analysis on a Beckman Coulter AU5800,1.0,APPROVED,,0,4263457,EVENT,,,1602749301042
30650,Aspartate aminotransferase,,,U/L,485602,,Measured by IFCC analysis on a Beckman Coulter AU5800,1.0,APPROVED,,0,8645,UNIT,,,1602749301044
30324,Volume of EDTA1 red cells held by UKB,,,microlitres,501321,,"Volume held of EDTA1 red cells sample, obtained from UK Biobank assessment centre visits.",0.30785614252090454,APPROVED,,0,4105828,EVENT,,,1602749301046
30324,Volume of EDTA1 red cells held by UKB,,,microlitres,501321,,"Volume held of EDTA1 red cells sample, obtained from UK Biobank assessment centre visits.",0.30785614252090454,APPROVED,,0,9665,UNIT,,,1602749301046
30860,Total protein,,,g/L,445289,,Measured by biuret analysis on a Beckman Coulter AU5800,1.0,APPROVED,,0,4119650,EVENT,,,1602749301048
30860,Total protein,,,g/L,445289,,Measured by biuret analysis on a Beckman Coulter AU5800,1.0,APPROVED,,0,8636,UNIT,,,1602749301049
2754,Age at first live birth,,,years,209345,,"ACE touchscreen question How old were you when you had your FIRST child? The following checks were performed: If answer < 8 then rejected If answer > 65 then rejected If answer > Participants age then rejected If answer < Age at first period then rejected If answer < 12 then participant asked to confirm If answer > 48 then participant asked to confirm If answer > Age when periods stopped then participant asked to confirm ~F2754~ was collected from women who indicated they had given birth to more than one child, as defined by their answers to ~F2734~",0.6561766266822815,FLAGGED,,0,9448,UNIT,,,1602749301050
30011,Red blood cell (erythrocyte) count freeze-thaw cycles,,,,474900,,"Number of freeze-thaw cycles sample went through before Red Blood Cell Count assay was performed (blood sample obtained from UK Biobank assessment centre visit).",0.43059617280960083,APPROVED,,0,4030871,EVENT,,,1602749301053
30111,Platelet distribution width freeze-thaw cycles,,,,474892,,"Number of freeze-thaw cycles sample went through before Platelet Distribution Width assay was performed (blood sample obtained from UK Biobank assessment centre visit).",0.6066315770149231,APPROVED,,0,4097620,EVENT,,,1602749301054
30730,Gamma glutamyltransferase,,,U/L,487206,,Measured by IFCC analysis on a Beckman Coulter AU5800,0.8064910769462585,APPROVED,,0,4289475,EVENT,,,1602749301055
30730,Gamma glutamyltransferase,,,U/L,487206,,Measured by IFCC analysis on a Beckman Coulter AU5800,0.8064910769462585,APPROVED,,0,8645,UNIT,,,1602749301055
30251,Reticulocyte count freeze-thaw cycles,,,,466721,,"Number of freeze-thaw cycles sample went through before Reticulocytes Number assay was performed (blood sample obtained from UK Biobank assessment centre visit).",0.5433179140090942,APPROVED,,0,4263581,EVENT,,,1602749301055
3546,Age last used hormone-replacement therapy (HRT),,,years,118041,,"ACE touchscreen question How old were you when you last used HRT? The following checks were performed: If answer < 20 then rejected If answer > Participants age then rejected If answer < 35 then participant asked to confirm If answer > 65 then participant asked to confirm If the participant activated the Help button they were shown the message: If you are currently using HRT select Still taking HRT. If you are unsure, please provide an estimate or select Do not know. ~F3546~ was collected from women who indicated that they had used HRT, as defined by their answers to ~F2814~",0.7232855558395386,APPROVED,,0,35810380,EVENT,,,1602749301056
3546,Age last used hormone-replacement therapy (HRT),,,years,118041,,"ACE touchscreen question How old were you when you last used HRT? The following checks were performed: If answer < 20 then rejected If answer > Participants age then rejected If answer < 35 then participant asked to confirm If answer > 65 then participant asked to confirm If the participant activated the Help button they were shown the message: If you are currently using HRT select Still taking HRT. If you are unsure, please provide an estimate or select Do not know. ~F3546~ was collected from women who indicated that they had used HRT, as defined by their answers to ~F2814~",0.7232855558395386,APPROVED,,0,9448,UNIT,,,1602749301056
30424,Total volume of saliva samples held by UKB,,,microlitres,98664,,"Volume held of saliva sample, obtained from Initial UK Biobank assessment centre visit.",0.49403735995292664,APPROVED,,0,4001062,EVENT,,,1602749301056
30424,Total volume of saliva samples held by UKB,,,microlitres,98664,,"Volume held of saliva sample, obtained from Initial UK Biobank assessment centre visit.",0.49403735995292664,APPROVED,,0,9665,UNIT,,,1602749301056
30151,Eosinophill count freeze-thaw cycles,,,,473909,,"Number of freeze-thaw cycles sample went through before Eosinophils Number assay was performed (blood sample obtained from UK Biobank assessment centre visit).",0.4613756835460663,APPROVED,,0,4216098,EVENT,,,1602749301056
30740,Glucose,,,mmol/L,445253,,Measured by hexokinase analysis on a Beckman Coulter AU5800,1.0,APPROVED,,0,3004501,EVENT,,,1602749301058
30740,Glucose,,,mmol/L,445253,,Measured by hexokinase analysis on a Beckman Coulter AU5800,1.0,APPROVED,,0,8753,UNIT,,,1602749301058
30051,Mean corpuscular haemoglobin freeze-thaw cycles,,,,474897,,"Number of freeze-thaw cycles sample went through before Mean Corpuscular Haemoglobin assay was performed (blood sample obtained from UK Biobank assessment centre visit).",0.5961138606071472,APPROVED,,0,4182871,EVENT,,,1602749301059
30870,Triglycerides,,,mmol/L,487059,,Measured by GPO-POD analysis on a Beckman Coulter AU5800,1.0,APPROVED,,0,4032789,EVENT,,,1602749301060
30870,Triglycerides,,,mmol/L,487059,,Measured by GPO-POD analysis on a Beckman Coulter AU5800,1.0,APPROVED,,0,8753,UNIT,,,1602749301060
30660,Direct bilirubin,,,umol/L,413662,,Measured by DPD analysis on a Beckman Coulter AU5800,1.0,APPROVED,,0,37398377,EVENT,,,1602749301062
30660,Direct bilirubin,,,umol/L,413662,,Measured by DPD analysis on a Beckman Coulter AU5800,1.0,APPROVED,,0,8749,UNIT,,,1602749301062
30120,Lymphocyte count,,,10^9 cells/Litre,502543,,"Result of Lymphocytes Number assay, performed on blood sample, obtained from UK Biobank assessment centre visit. Lymphocyte count is the proportion of ( lymphoctyes / 100 ) x white blood cell count",1.0,APPROVED,,0,4254663,EVENT,,,1602749301063
30120,Lymphocyte count,,,10^9 cells/Litre,502543,,"Result of Lymphocytes Number assay, performed on blood sample, obtained from UK Biobank assessment centre visit. Lymphocyte count is the proportion of ( lymphoctyes / 100 ) x white blood cell count",1.0,APPROVED,,0,44777588,UNIT,,,1602749301064
2764,Age at last live birth,,,years,209345,,"ACE touchscreen question How old were you when you had your LAST child? The following checks were performed: If answer < 8 then rejected If answer > 65 then rejected If answer > Participants age then rejected If answer < Age at first period then rejected If answer < 12 then participant asked to confirm If answer > 48 then participant asked to confirm If answer > Age when periods stopped then participant asked to confirm ~F2764~ was collected from women who indicated they had given birth to more than one child, as defined by their answers to ~F2734~",0.8066325187683105,FLAGGED,,0,9448,UNIT,,,1602749301064
30880,Urate,,,umol/L,486855,,Measured by uricase PAP analysis on a Beckman Coulter AU5800,1.0,APPROVED,,0,4313992,EVENT,,,1602749301065
30880,Urate,,,umol/L,486855,,Measured by uricase PAP analysis on a Beckman Coulter AU5800,1.0,APPROVED,,0,8749,UNIT,,,1602749301065
30670,Urea,,,mmol/L,487123,,"Measured by GLDH, kinetic analysis on a Beckman Coulter AU5800",1.0,APPROVED,,0,4215465,EVENT,,,1602749301067
30670,Urea,,,mmol/L,487123,,"Measured by GLDH, kinetic analysis on a Beckman Coulter AU5800",1.0,APPROVED,,0,8753,UNIT,,,1602749301068
30160,Basophill count,,,10^9 cells/Litre,502543,,"Result of Basophils Number assay, performed on blood sample, obtained from UK Biobank assessment centre visit. Basophils count is the proportion of ( basophils / 100 ) x white blood cell count.",0.9116111993789673,APPROVED,,0,4172647,EVENT,,,1602749301068
30160,Basophill count,,,10^9 cells/Litre,502543,,"Result of Basophils Number assay, performed on blood sample, obtained from UK Biobank assessment centre visit. Basophils count is the proportion of ( basophils / 100 ) x white blood cell count.",0.9116111993789673,APPROVED,,0,4175206,UNIT,,,1602749301069
30700,Creatinine,,,umol/L,487201,,Measured by enzymatic analysis on a Beckman Coulter AU5800,1.0,APPROVED,,0,4324383,EVENT,,,1602749301071
30700,Creatinine,,,umol/L,487201,,Measured by enzymatic analysis on a Beckman Coulter AU5800,1.0,APPROVED,,0,8749,UNIT,,,1602749301072
30260,Mean reticulocyte volume,,,femtolitres,494715,,"Result of Mean Reticulocytes Volume assay, performed on blood sample, obtained from UK Biobank assessment centre visit. Mean Reticulocytes volume is the average volume of all reticulocytes, calculated from the reticulocytes (percentage).",0.7468392848968506,APPROVED,,0,3049858,EVENT,,,1602749301073
30260,Mean reticulocyte volume,,,femtolitres,494715,,"Result of Mean Reticulocytes Volume assay, performed on blood sample, obtained from UK Biobank assessment centre visit. Mean Reticulocytes volume is the average volume of all reticulocytes, calculated from the reticulocytes (percentage).",0.7468392848968506,APPROVED,,0,8583,UNIT,,,1602749301073
3786,Age asthma diagnosed,,,years,65747,,"ACE touchscreen question What was your age when the asthma was first diagnosed? The following checks were performed: If answer < 0 then rejected If answer > Participants age then rejected If answer < 10 then participant asked to confirm If answer > 69 then participant asked to confirm If the participant activated the Help button they were shown the message: If you are unsure, please provide an estimate or select Do not know. ~F3786~ was collected from participants who indicated they were told by a doctor that they have had asthma, as defined by their answers to ~F6152~",0.6573073267936707,FLAGGED,,0,9448,UNIT,,,1602749301074
30500,Microalbumin in urine,,,mg/L,159404,,Measured by immunoturbidimetric analysis on a Beckman Coulter AU5400.,0.9626712799072266,APPROVED,,0,3000034,EVENT,,,1602749301074
30500,Microalbumin in urine,,,mg/L,159404,,Measured by immunoturbidimetric analysis on a Beckman Coulter AU5400.,0.9626712799072266,APPROVED,,0,8751,UNIT,,,1602749301074
30334,Volume of EDTA1 buffy held by UKB,,,microlitres,501260,,"Volume held of EDTA1 buffy sample, obtained from UK Biobank assessment centre visits.",0.4391326904296875,FLAGGED,,0,9665,UNIT,,,1602749301074
30020,Haemoglobin concentration,,,grams/decilitre,503451,,"Result of Haemoglobin Concentration assay, performed on blood sample, obtained from UK Biobank assessment centre visit.   Analyser operating range was 0 to 99.9g/dL   Typical reference range is 12.1 to 16.3g/dL",1.0,APPROVED,,0,40480067,EVENT,,,1602749301075
30020,Haemoglobin concentration,,,grams/decilitre,503451,,"Result of Haemoglobin Concentration assay, performed on blood sample, obtained from UK Biobank assessment centre visit.   Analyser operating range was 0 to 99.9g/dL   Typical reference range is 12.1 to 16.3g/dL",1.0,APPROVED,,0,8713,UNIT,,,1602749301075
30680,Calcium,,,mmol/L,445619,,Measured by Arsenazo III analysis on a Beckman Coulter AU5800,1.0,APPROVED,,0,4216722,EVENT,,,1602749301076
30680,Calcium,,,mmol/L,445619,,Measured by Arsenazo III analysis on a Beckman Coulter AU5800,1.0,APPROVED,,0,8753,UNIT,,,1602749301076
30890,Vitamin D,,,nmol/L,465389,,Measured by CLIA analysis on a DiaSorin Ltd. LIASON XL,1.0,APPROVED,,0,4308739,EVENT,,,1602749301077
30890,Vitamin D,,,nmol/L,465389,,Measured by CLIA analysis on a DiaSorin Ltd. LIASON XL,1.0,APPROVED,,0,8736,UNIT,,,1602749301077
30121,Lymphocyte count freeze-thaw cycles,,,,474013,,"Number of freeze-thaw cycles sample went through before Lymphocytes Number assay was performed (blood sample obtained from UK Biobank assessment centre visit).",0.5260894894599915,APPROVED,,0,4254663,EVENT,,,1602749301078
30140,Neutrophill count,,,10^9 cells/Litre,502543,,"Result of Neutrophils Number assay, performed on blood sample, obtained from UK Biobank assessment centre visit. Neutrophils count is the proportion of ( neutrophils / 100 ) x white blood cell count.",0.9261090755462646,APPROVED,,0,4148615,EVENT,,,1602749301079
30140,Neutrophill count,,,10^9 cells/Litre,502543,,"Result of Neutrophils Number assay, performed on blood sample, obtained from UK Biobank assessment centre visit. Neutrophils count is the proportion of ( neutrophils / 100 ) x white blood cell count.",0.9261090755462646,APPROVED,,0,44777588,UNIT,,,1602749301079
30690,Cholesterol,,,mmol/L,487467,,Measured by CHO-POD analysis on a Beckman Coulter AU5800,1.0,APPROVED,,0,4299360,EVENT,,,1602749301080
30690,Cholesterol,,,mmol/L,487467,,Measured by CHO-POD analysis on a Beckman Coulter AU5800,1.0,APPROVED,,0,8753,UNIT,,,1602749301080
30710,C-reactive protein,,,mg/L,486406,,Measured by immunoturbidimetric - high sensitivity analysis on a Beckman Coulter AU5800,1.0,APPROVED,,0,4208414,EVENT,,,1602749301081
30710,C-reactive protein,,,mg/L,486406,,Measured by immunoturbidimetric - high sensitivity analysis on a Beckman Coulter AU5800,1.0,APPROVED,,0,8751,UNIT,,,1602749301082
30820,Rheumatoid factor,,,IU/ml,42998,,Measured by immunoturbidimetric analysis on a Beckman Coulter AU5800,1.0,APPROVED,,0,4204380,EVENT,,,1602749301082
30820,Rheumatoid factor,,,IU/ml,42998,,Measured by immunoturbidimetric analysis on a Beckman Coulter AU5800,1.0,APPROVED,,0,8985,UNIT,,,1602749301083
30130,Monocyte count,,,10^9 cells/Litre,502543,,"Result of Monocytes Number assay, performed on blood sample, obtained from UK Biobank assessment centre visit. Monocyte count is the proportion of ( monoctyes / 100 ) x white blood cell count.",1.0,APPROVED,,0,4194332,EVENT,,,1602749301087
30130,Monocyte count,,,10^9 cells/Litre,502543,,"Result of Monocytes Number assay, performed on blood sample, obtained from UK Biobank assessment centre visit. Monocyte count is the proportion of ( monoctyes / 100 ) x white blood cell count.",1.0,APPROVED,,0,44777588,UNIT,,,1602749301087
30770,IGF-1,,,nmol/L,484740,,Measured by CLIA analysis on a DiaSorin Ltd. LIASON XL,0.7237251996994019,APPROVED,,0,4198110,EVENT,,,1602749301089
30770,IGF-1,,,nmol/L,484740,,Measured by CLIA analysis on a DiaSorin Ltd. LIASON XL,0.7237251996994019,APPROVED,,0,8736,UNIT,,,1602749301089
30060,Mean corpuscular haemoglobin concentration,,,grams/decilitre,503441,,"Result of Mean Corpuscular Haemoglobin Concentration assay, performed on blood sample, obtained from UK Biobank assessment centre visit. Mean Corpuscular Haemoglobin Concentration (g/dL) is the average weight of haemoglobin in a measured dilution, computed by the formula: (haemoglobin/haematocrit) x 100.",0.9097644090652466,APPROVED,,0,4290193,EVENT,,,1602749301091
30060,Mean corpuscular haemoglobin concentration,,,grams/decilitre,503441,,"Result of Mean Corpuscular Haemoglobin Concentration assay, performed on blood sample, obtained from UK Biobank assessment centre visit. Mean Corpuscular Haemoglobin Concentration (g/dL) is the average weight of haemoglobin in a measured dilution, computed by the formula: (haemoglobin/haematocrit) x 100.",0.9097644090652466,APPROVED,,0,8713,UNIT,,,1602749301091
3894,Age heart attack diagnosed,,,years,13191,,"ACE touchscreen question What was your age when the heart attack was first diagnosed? The following checks were performed: If answer < 0 then rejected If answer > Participants age then rejected If answer < 40 then participant asked to confirm If answer > 69 then participant asked to confirm If the participant activated the Help button they were shown the message: If you are unsure, please provide an estimate or select Do not know. ~F3894~ was collected from participants who indicated they were told by a doctor that they have had a heart attack, as defined by their answers to ~F6150~",0.6395307779312134,FLAGGED,,0,9448,UNIT,,,1602749301091
30240,Reticulocyte percentage,,,percent,494714,,"Result of Reticulocytes Percentage assay, performed on blood sample, obtained from UK Biobank assessment centre visit. Reticulocytes (Percentage) is the number of reticulocytes as a percentage of red blood cells.",0.8544948101043701,APPROVED,,0,4197837,EVENT,,,1602749301092
30240,Reticulocyte percentage,,,percent,494714,,"Result of Reticulocytes Percentage assay, performed on blood sample, obtained from UK Biobank assessment centre visit. Reticulocytes (Percentage) is the number of reticulocytes as a percentage of red blood cells.",0.8544948101043701,APPROVED,,0,8554,UNIT,,,1602749301092
30830,SHBG,,,nmol/L,441305,,Measured by two step sandwich immunoassay analysis on a Beckman Coulter Unicel Dxl 800,1.0,APPROVED,,0,4082602,EVENT,,,1602749301093
30830,SHBG,,,nmol/L,441305,,Measured by two step sandwich immunoassay analysis on a Beckman Coulter Unicel Dxl 800,1.0,APPROVED,,0,8736,UNIT,,,1602749301093
30510,Creatinine (enzymatic) in urine,,,micromole/L,503646,,Measured by enzymatic analysis on a Beckman Coulter AU5400.,0.35606297850608826,APPROVED,,0,3017250,EVENT,,,1602749301095
30510,Creatinine (enzymatic) in urine,,,micromole/L,503646,,Measured by enzymatic analysis on a Beckman Coulter AU5400.,0.35606297850608826,APPROVED,,0,8749,UNIT,,,1602749301095
30344,Volume of EDTA2 plasma held by UKB,,,microlitres,495398,,"Volume held of EDTA2 plasma sample, obtained from UK Biobank assessment centre visits.",0.38413548469543457,APPROVED,,0,45769404,EVENT,,,1602749301095
30344,Volume of EDTA2 plasma held by UKB,,,microlitres,495398,,"Volume held of EDTA2 plasma sample, obtained from UK Biobank assessment centre visits.",0.38413548469543457,APPROVED,,0,9665,UNIT,,,1602749301095
30780,LDL direct,,,mmol/L,486544,,Measured by enzymatic protective selection analysis on a Beckman Coulter AU5800,0.6208464503288269,APPROVED,,0,4012479,EVENT,,,1602749301096
30780,LDL direct,,,mmol/L,486544,,Measured by enzymatic protective selection analysis on a Beckman Coulter AU5800,0.6208464503288269,APPROVED,,0,8753,UNIT,,,1602749301096
30021,Haemoglobin concentration freeze-thaw cycles,,,,474900,,"Number of freeze-thaw cycles sample went through before Haemoglobin Concentration assay was performed (blood sample obtained from UK Biobank assessment centre visit).",0.5703407526016235,APPROVED,,0,40480067,EVENT,,,1602749301096
189,Townsend deprivation index at recruitment,,,,501882,,Townsend deprivation index calculated immediately prior to participant joining UK Biobank. Based on the preceding national census output areas. Each participant is assigned a score corresponding to the output area in which their postcode is located.,0.5785002708435059,FLAGGED,,0,0,EVENT,,,1602764653805
30620,Alanine aminotransferase,,,U/L,487266,,Measured by IFCC analysis on a Beckman Coulter AU5800,1.0,APPROVED,,0,4146380,EVENT,,,1602749301097
30620,Alanine aminotransferase,,,U/L,487266,,Measured by IFCC analysis on a Beckman Coulter AU5800,1.0,APPROVED,,0,8645,UNIT,,,1602749301097
30141,Neutrophill count freeze-thaw cycles,,,,474013,,"Number of freeze-thaw cycles sample went through before Neutrophils Number assay was performed (blood sample obtained from UK Biobank assessment centre visit).",0.47810259461402893,APPROVED,,0,4148615,EVENT,,,1602749301098
30840,Total bilirubin,,,umol/L,485336,,Measured by photometric colour analysis on a Beckman Coulter AU5800,1.0,APPROVED,,0,4230543,EVENT,,,1602749301099
30840,Total bilirubin,,,umol/L,485336,,Measured by photometric colour analysis on a Beckman Coulter AU5800,1.0,APPROVED,,0,8749,UNIT,,,1602749301099
30131,Monocyte count freeze-thaw cycles,,,,474007,,"Number of freeze-thaw cycles sample went through before Monocytes Number assay was performed (blood sample obtained from UK Biobank assessment centre visit).",0.5030503273010254,APPROVED,,0,4194332,EVENT,,,1602749301099
30040,Mean corpuscular volume,,,femtolitres,503449,,"Result of Mean Corpuscular Volume assay, performed on blood sample, obtained from UK Biobank assessment centre visit. Mean Corpuscular Haemoglobin Concentration (pg) is the weight of hemoglobin in the average erythrocyte, computed by the formula: MCH = (hemoglobin/red blood cells) x 10.",0.8858656883239746,APPROVED,,0,37393851,EVENT,,,1602749301102
30040,Mean corpuscular volume,,,femtolitres,503449,,"Result of Mean Corpuscular Volume assay, performed on blood sample, obtained from UK Biobank assessment centre visit. Mean Corpuscular Haemoglobin Concentration (pg) is the weight of hemoglobin in the average erythrocyte, computed by the formula: MCH = (hemoglobin/red blood cells) x 10.",0.8858656883239746,APPROVED,,0,8583,UNIT,,,1602749301102
30790,Lipoprotein A,,,nmol/L,389863,,Measured by immunoturbidimetric analysis on a Randox AU5800. Values for Lipoprotein A that were outside the reportable range are available on request.,0.962587296962738,APPROVED,,0,4197857,EVENT,,,1602749301102
30790,Lipoprotein A,,,nmol/L,389863,,Measured by immunoturbidimetric analysis on a Randox AU5800. Values for Lipoprotein A that were outside the reportable range are available on request.,0.962587296962738,APPROVED,,0,8736,UNIT,,,1602749301102
30520,Potassium in urine,,,millimole/L,502594,,Measured by ISE (ion selective electrode) analysis on a Beckman Coulter AU5400.,0.7354410886764526,APPROVED,,0,4173269,EVENT,,,1602749301103
30520,Potassium in urine,,,millimole/L,502594,,Measured by ISE (ion selective electrode) analysis on a Beckman Coulter AU5400.,0.7354410886764526,APPROVED,,0,8753,UNIT,,,1602749301103
30630,Apolipoprotein A,,,g/L,443078,,Measured by immunoturbidimetric analysis on a Beckman Coulter AU5800,1.0,APPROVED,,0,4014902,EVENT,,,1602749301103
30630,Apolipoprotein A,,,g/L,443078,,Measured by immunoturbidimetric analysis on a Beckman Coulter AU5800,1.0,APPROVED,,0,8636,UNIT,,,1602749301104
30800,Oestradiol,,,pmol/L,78535,,Measured by two step competitive analysis on a Beckman Coulter Unicel Dxl 800,0.8332198262214661,APPROVED,,0,4292703,EVENT,,,1602749301105
30800,Oestradiol,,,pmol/L,78535,,Measured by two step competitive analysis on a Beckman Coulter Unicel Dxl 800,0.8332198262214661,APPROVED,,0,8729,UNIT,,,1602749301105
3992,Age emphysema/chronic bronchitis diagnosed,,,years,9112,,"ACE touchscreen question What was your age when the emphysema/chronic bronchitis was first diagnosed? The following checks were performed: If answer < 0 then rejected If answer > Participants age then rejected If answer < 40 then participant asked to confirm If answer > 69 then participant asked to confirm If the participant activated the Help button they were shown the message: If you are unsure, please provide an estimate or select Do not know. ~F3992~ was collected from participants who indicated they were told by a doctor that they have had emphysema or chronic bronchitis, as defined by their answers to ~F6152~",0.6365015506744385,FLAGGED,,0,9448,UNIT,,,1602749301106
30241,Reticulocyte percentage freeze-thaw cycles,,,,466721,,"Number of freeze-thaw cycles sample went through before Reticulocytes Percentage assay was performed (blood sample obtained from UK Biobank assessment centre visit).",0.5131514668464661,APPROVED,,0,37393631,EVENT,,,1602749301106
30030,Haematocrit percentage,,,percent,503451,,"Result of Haematocrit assay, performed on blood sample, obtained from UK Biobank assessment centre visit. Haematocrit Percentage is the relative volume of packed erythrocytes to whole blood, computed by the formula: (red blood cells x mean corpuscular volume) / 10.   Analyser operating range was 0 to 99.9%   Typical reference range is 35.4 to 47.2%",0.7343502640724182,APPROVED,,0,4151358,EVENT,,,1602749301107
30030,Haematocrit percentage,,,percent,503451,,"Result of Haematocrit assay, performed on blood sample, obtained from UK Biobank assessment centre visit. Haematocrit Percentage is the relative volume of packed erythrocytes to whole blood, computed by the formula: (red blood cells x mean corpuscular volume) / 10.   Analyser operating range was 0 to 99.9%   Typical reference range is 35.4 to 47.2%",0.7343502640724182,APPROVED,,0,8554,UNIT,,,1602749301107
30354,Volume of EDTA2 buffy held by UKB,,,microlitres,495199,,"Volume held of EDTA2 buffy sample, obtained from UK Biobank assessment centre visits.",0.43613681197166443,APPROVED,,0,4122286,EVENT,,,1602749301107
30354,Volume of EDTA2 buffy held by UKB,,,microlitres,495199,,"Volume held of EDTA2 buffy sample, obtained from UK Biobank assessment centre visits.",0.43613681197166443,APPROVED,,0,9665,UNIT,,,1602749301107
2734,Number of live births,,,children,309809,,"ACE touchscreen question How many children have you given birth to? (Please include live births only) The following checks were performed: If answer < 0 then rejected If answer > 25 then rejected If answer > 12 then participant asked to confirm ",0.8225803971290588,APPROVED,,0,45770046,EVENT,,,1602749301109
30530,Sodium in urine,,,millimole/L,502576,,Measured by ISE (ion selective electrode) analysis using Beckman Coulter AU5400.,0.6682649850845337,APPROVED,,0,4020682,EVENT,,,1602749301110
30530,Sodium in urine,,,millimole/L,502576,,Measured by ISE (ion selective electrode) analysis using Beckman Coulter AU5400.,0.6682649850845337,APPROVED,,0,8753,UNIT,,,1602749301110
30810,Phosphate,,,mmol/L,444901,,Measured by phophomolybdate complex analysis on a Beckman Coulter AU5800,1.0,APPROVED,,0,3011904,EVENT,,,1602749301112
30810,Phosphate,,,mmol/L,444901,,Measured by phophomolybdate complex analysis on a Beckman Coulter AU5800,1.0,APPROVED,,0,8753,UNIT,,,1602749301112
30750,Glycated haemoglobin (HbA1c),,,mmol/mol,480773,,Measured by HPLC analysis on a Bio-Rad VARIANT II Turbo,0.7856022715568542,APPROVED,,0,4184637,EVENT,,,1602749301112
30750,Glycated haemoglobin (HbA1c),,,mmol/mol,480773,,Measured by HPLC analysis on a Bio-Rad VARIANT II Turbo,0.7856022715568542,APPROVED,,0,9579,UNIT,,,1602749301113
30640,Apolipoprotein B,,,g/L,484996,,Measured by immunoturbidimetric analysis on a Beckman Coulter AU5800,1.0,APPROVED,,0,4017617,EVENT,,,1602749301114
30640,Apolipoprotein B,,,g/L,484996,,Measured by immunoturbidimetric analysis on a Beckman Coulter AU5800,1.0,APPROVED,,0,8636,UNIT,,,1602749301115
30041,Mean corpuscular volume freeze-thaw cycles,,,,474898,,"Number of freeze-thaw cycles sample went through before Mean Corpuscular Volume assay was performed (blood sample obtained from UK Biobank assessment centre visit).",0.5538290739059448,APPROVED,,0,4016239,EVENT,,,1602749301116
30600,Albumin,,,g/L,445770,,Measured by BCG analysis on a Beckman Coulter AU5800,1.0,APPROVED,,0,4097664,EVENT,,,1602749301116
30600,Albumin,,,g/L,445770,,Measured by BCG analysis on a Beckman Coulter AU5800,1.0,APPROVED,,0,8636,UNIT,,,1602749301117
30100,Mean platelet (thrombocyte) volume,,,femtolitres,503441,,"Result of Mean Platelet Volume assay, performed on blood sample, obtained from UK Biobank assessment centre visit. Mean Platelet Volume is the average volume of individual platelets derived from the platelet histogram.",0.5715604424476624,APPROVED,,0,4039428,EVENT,,,1602749301118
30100,Mean platelet (thrombocyte) volume,,,femtolitres,503441,,"Result of Mean Platelet Volume assay, performed on blood sample, obtained from UK Biobank assessment centre visit. Mean Platelet Volume is the average volume of individual platelets derived from the platelet histogram.",0.5715604424476624,APPROVED,,0,8583,UNIT,,,1602749301118
30031,Haematocrit freeze-thaw cycles,,,,474900,,"Number of freeze-thaw cycles sample went through before Haematocrit assay was performed (blood sample obtained from UK Biobank assessment centre visit).",0.46356868743896484,APPROVED,,0,4151358,EVENT,,,1602749301119
30171,Nucleated red blood cell count freeze-thaw cycles,,,,472673,,"Number of freeze-thaw cycles sample went through before Nucleated Red Blood Cells Number assay was performed (blood sample obtained from UK Biobank assessment centre visit).",0.6145822405815125,APPROVED,,0,37399327,EVENT,,,1602749301121
30760,HDL cholesterol,,,mmol/L,445563,,Measured by enzyme immunoinhibition analysis on a Beckman Coulter AU5800,1.0,APPROVED,,0,4101713,EVENT,,,1602749301123
30760,HDL cholesterol,,,mmol/L,445563,,Measured by enzyme immunoinhibition analysis on a Beckman Coulter AU5800,1.0,APPROVED,,0,8753,UNIT,,,1602749301123
2824,Age at hysterectomy,,,years,57768,,"ACE touchscreen question How old were you when you had your hysterectomy? The following checks were performed: If answer < 0 then rejected If answer > Participants age then rejected If answer < 35 then participant asked to confirm If answer > 69 then participant asked to confirm If answer < Age when had the only child or < Age when had the last child then participant asked to confirm If the participant activated the Help button they were shown the message: If you are unsure, please provide an estimate or select Do not know. ~F2824~ was collected from women who indicated they have had a hysterectomy (womb removed), as defined by their answers to ~F2724~ and ~F2724~",0.7540392875671387,APPROVED,,0,9448,UNIT,,,1602749301123
30364,Volume of EDTA2 red cells held by UKB,,,microlitres,495176,,"Volume held of EDTA2 red cells sample, obtained from UK Biobank assessment centre visits.",0.3059708774089813,APPROVED,,0,4105828,EVENT,,,1602749301125
30364,Volume of EDTA2 red cells held by UKB,,,microlitres,495176,,"Volume held of EDTA2 red cells sample, obtained from UK Biobank assessment centre visits.",0.3059708774089813,APPROVED,,0,9665,UNIT,,,1602749301125
30271,Mean sphered cell volume freeze-thaw cycles,,,,466722,,"Number of freeze-thaw cycles sample went through before Mean Sphered Cells Volume assay was performed (blood sample obtained from UK Biobank assessment centre visit).",0.4576113224029541,APPROVED,,0,3039385,EVENT,,,1602749301125
30090,Platelet crit,,,percent,497774,,"Result of Platelet Crit assay, performed on blood sample, obtained from UK Biobank assessment centre visit. Platelet Crit is a computed value that represents the platelet packed cell volume.",0.6762272119522095,APPROVED,,0,4097621,EVENT,,,1602749301125
30090,Platelet crit,,,percent,497774,,"Result of Platelet Crit assay, performed on blood sample, obtained from UK Biobank assessment centre visit. Platelet Crit is a computed value that represents the platelet packed cell volume.",0.6762272119522095,APPROVED,,0,8554,UNIT,,,1602749301125
30610,Alkaline phosphatase,,,U/L,487473,,Measured by AMP(IFCC) analysis on a Beckman Coulter AU5800,1.0,APPROVED,,0,4230636,EVENT,,,1602749301126
30610,Alkaline phosphatase,,,U/L,487473,,Measured by AMP(IFCC) analysis on a Beckman Coulter AU5800,1.0,APPROVED,,0,8645,UNIT,,,1602749301126
30180,Lymphocyte percentage,,,percent,502550,,"Result of Lymphocytes Percentage assay, performed on blood sample, obtained from UK Biobank assessment centre visit. Lymphocytes (Percentage) is calculated as the proportion of lymphocytes in the leukocytes.",0.9013579487800598,APPROVED,,0,4156652,EVENT,,,1602749301127
30180,Lymphocyte percentage,,,percent,502550,,"Result of Lymphocytes Percentage assay, performed on blood sample, obtained from UK Biobank assessment centre visit. Lymphocytes (Percentage) is calculated as the proportion of lymphocytes in the leukocytes.",0.9013579487800598,APPROVED,,0,8554,UNIT,,,1602749301127
4012,"Age deep-vein thrombosis (DVT, blood clot in leg) diagnosed",,,years,11208,,"ACE touchscreen question What was your age when the blood clot in the leg (DVT) was first diagnosed? The following checks were performed: If answer < 0 then rejected If answer > Participants age then rejected If answer < 40 then participant asked to confirm If answer > 69 then participant asked to confirm If the participant activated the Help button they were shown the message: If you are unsure, please provide an estimate or select Do not know. ~F4012~ was collected from participants who indicated they were told by a doctor that they have had a Blood clot in the leg (DVT) , as defined by their answers to ~F6152~",0.4831465184688568,FLAGGED,Anne,1602749605676,0,EVENT,,Anne,1602749604325
4012,"Age deep-vein thrombosis (DVT, blood clot in leg) diagnosed",,,years,11208,,"ACE touchscreen question What was your age when the blood clot in the leg (DVT) was first diagnosed? The following checks were performed: If answer < 0 then rejected If answer > Participants age then rejected If answer < 40 then participant asked to confirm If answer > 69 then participant asked to confirm If the participant activated the Help button they were shown the message: If you are unsure, please provide an estimate or select Do not know. ~F4012~ was collected from participants who indicated they were told by a doctor that they have had a Blood clot in the leg (DVT) , as defined by their answers to ~F6152~",0.4831465184688568,FLAGGED,Anne,1602749605676,9448,UNIT,,Anne,1602749604325
2966,Age high blood pressure diagnosed,,,years,153952,,"ACE touchscreen question What was your age when the high blood pressure was first diagnosed? The following checks were performed: If answer < 0 then rejected If answer > Participants age then rejected If answer < 40 then participant asked to confirm If answer > 69 then participant asked to confirm If the participant activated the Help button they were shown the message: If you are unsure, please provide an estimate or select Do not know. ~F2966~ was collected from participants who indicated they were told by a doctor that they have had high blood pressure, as defined by their answers to ~F6150~",0.7446146011352539,APPROVED,Anne,1602749752357,40761397,EVENT,,Anne,1602749641885
2966,Age high blood pressure diagnosed,,,years,153952,,"ACE touchscreen question What was your age when the high blood pressure was first diagnosed? The following checks were performed: If answer < 0 then rejected If answer > Participants age then rejected If answer < 40 then participant asked to confirm If answer > 69 then participant asked to confirm If the participant activated the Help button they were shown the message: If you are unsure, please provide an estimate or select Do not know. ~F2966~ was collected from participants who indicated they were told by a doctor that they have had high blood pressure, as defined by their answers to ~F6150~",0.7446146011352539,APPROVED,Anne,1602749752357,9448,UNIT,,Anne,1602749750807
30000,White blood cell (leukocyte) count,,,10^9 cells/Litre,503445,,"Result of White Blood Cell Count assay, performed on blood sample, obtained from UK Biobank assessment centre visit. White blood count is the number of leukocytes.   Analyser operating range was 0 to 9x10^11 cells/Litre.   Typical reference range is 3.5x10^9 to 9.6x10^9 cells/Litre.",0.7842205762863159,APPROVED,,0,3010813,EVENT,,,1602749301130
30000,White blood cell (leukocyte) count,,,10^9 cells/Litre,503445,,"Result of White Blood Cell Count assay, performed on blood sample, obtained from UK Biobank assessment centre visit. White blood count is the number of leukocytes.   Analyser operating range was 0 to 9x10^11 cells/Litre.   Typical reference range is 3.5x10^9 to 9.6x10^9 cells/Litre.",0.7842205762863159,APPROVED,,0,44777588,UNIT,,,1602749301130
41149,Records in HES inpatient operations dataset,,,records,411614,,"Adding this field to a basket will grant access to the HESIN_OPER table on the Data Portal. See the Inpatient Data Dictionary (~R141140~) in ~L2000~ for information about the HESIN_OPER table.  If included, the field will also appear in a main UK Biobank dataset where it will give a count of the number of rows for each participant in the HESIN_OPER table.",0.4890144169330597,APPROVED,Anne,1602749856753,0,EVENT,,,1602764653807
50,Standing height,,,cm,570525,,Standing height was measured using a Seca 202 device,1.0,APPROVED,,0,40765042,EVENT,,,1602749301131
50,Standing height,,,cm,570525,,Standing height was measured using a Seca 202 device,1.0,APPROVED,,0,8582,UNIT,,,1602749301132
30394,Total volume of urine samples held by UKB,,,microlitres,497653,,"Volume held of urine sample, obtained from Initial UK Biobank assessment centre visit.",0.46989092230796814,APPROVED,,0,4196844,EVENT,,,1602749301133
30394,Total volume of urine samples held by UKB,,,microlitres,497653,,"Volume held of urine sample, obtained from Initial UK Biobank assessment centre visit.",0.46989092230796814,APPROVED,,0,9665,UNIT,,,1602749301134
30280,Immature reticulocyte fraction,,,ratio,489144,,"Result of Immature Reticulocytes Fraction assay, performed on blood sample, obtained from UK Biobank assessment centre visit. Immature Reticulocytes Fraction (Percentage) is an indication of new reticulocyte synthesis and is calculated from the reticulocytes (Percentage) as the total number of reticulocyte events in the outermost light scattering region, corresponding to immature reticulocytes, relative to the total number of reticulocytes and is reported as this ratio.",1.0,APPROVED,,0,4135655,EVENT,,,1602749301135
30280,Immature reticulocyte fraction,,,ratio,489144,,"Result of Immature Reticulocytes Fraction assay, performed on blood sample, obtained from UK Biobank assessment centre visit. Immature Reticulocytes Fraction (Percentage) is an indication of new reticulocyte synthesis and is calculated from the reticulocytes (Percentage) as the total number of reticulocyte events in the outermost light scattering region, corresponding to immature reticulocytes, relative to the total number of reticulocytes and is reported as this ratio.",1.0,APPROVED,,0,8523,UNIT,,,1602749301136
30091,Platelet crit freeze-thaw cycles,,,,474893,,"Number of freeze-thaw cycles sample went through before Platelet Crit assay was performed (blood sample obtained from UK Biobank assessment centre visit).",0.4209528863430023,APPROVED,,0,4097621,EVENT,,,1602749301136
3064,Peak expiratory flow (PEF),,,litres/min,1415262,,Peak expiratory flow during blow,0.7046919465065002,APPROVED,,0,4087260,EVENT,,,1602749301137
3064,Peak expiratory flow (PEF),,,litres/min,1415262,,Peak expiratory flow during blow,0.7046919465065002,APPROVED,,0,8698,UNIT,,,1602749301137
51,Seated height,,,cm,566624,,"Seated height was measured using a Seca 202 device with the participant seated on a box, the size of which is given by ~F3077~",0.6326061487197876,APPROVED,,0,4093976,EVENT,,,1602749301138
51,Seated height,,,cm,566624,,"Seated height was measured using a Seca 202 device with the participant seated on a box, the size of which is given by ~F3077~",0.6326061487197876,APPROVED,,0,8582,UNIT,,,1602749301138
30300,High light scatter reticulocyte count,,,10^12 cells/Litre,489145,,"Result of High Light Scatter Reticulocytes Number assay, performed on blood sample, obtained from UK Biobank assessment centre visit. High Light Scatter Reticulocytes Count is calculated as: (HLR / Total Erythrocytes) x red blood cells",0.7153206467628479,APPROVED,,0,3038466,EVENT,,,1602749301139
30300,High light scatter reticulocyte count,,,10^12 cells/Litre,489145,,"Result of High Light Scatter Reticulocytes Number assay, performed on blood sample, obtained from UK Biobank assessment centre visit. High Light Scatter Reticulocytes Count is calculated as: (HLR / Total Erythrocytes) x red blood cells",0.7153206467628479,APPROVED,,0,44777575,UNIT,,,1602749301139
30101,Mean platelet (thrombocyte) volume freeze-thaw cycles,,,,474892,,"Number of freeze-thaw cycles sample went through before Mean Platelet Volume assay was performed (blood sample obtained from UK Biobank assessment centre visit).",0.3953806161880493,APPROVED,Anne,1602751323896,4192368,EVENT,,Anne,1602751319630
2976,Age diabetes diagnosed,,,years,29192,,"ACE touchscreen question What was your age when the diabetes was first diagnosed? The following checks were performed: If answer < 0 then rejected If answer > Participants age then rejected If answer < 10 then participant asked to confirm If answer > 69 then participant asked to confirm If the participant activated the Help button they were shown the message: If you are unsure, please provide an estimate or select Do not know. ~F2976~ was collected from men who indicated that a doctor had told them they have diabetes, as defined by their answers to ~F2443~ and all women except those who indicated they had diabetes only during pregnancy, as defined by their answers to ~F2443~",0.6332688927650452,APPROVED,Anne,1602751382850,40768838,EVENT,,Anne,1602751375378
2976,Age diabetes diagnosed,,,years,29192,,"ACE touchscreen question What was your age when the diabetes was first diagnosed? The following checks were performed: If answer < 0 then rejected If answer > Participants age then rejected If answer < 10 then participant asked to confirm If answer > 69 then participant asked to confirm If the participant activated the Help button they were shown the message: If you are unsure, please provide an estimate or select Do not know. ~F2976~ was collected from men who indicated that a doctor had told them they have diabetes, as defined by their answers to ~F2443~ and all women except those who indicated they had diabetes only during pregnancy, as defined by their answers to ~F2443~",0.6332688927650452,APPROVED,Anne,1602751382850,9448,UNIT,,Anne,1602751381826
30181,Lymphocyte percentage freeze-thaw cycles,,,,474019,,"Number of freeze-thaw cycles sample went through before Lymphocytes Percentage assay was performed (blood sample obtained from UK Biobank assessment centre visit).",0.531501829624176,APPROVED,Anne,1602762180053,4156652,EVENT,,Anne,1602762170637
30071,Red blood cell (erythrocyte) distribution width freeze-thaw cycles,,,,474898,,"Number of freeze-thaw cycles sample went through before Red Distribution Width assay was performed (blood sample obtained from UK Biobank assessment centre visit).",0.5467721223831177,APPROVED,,0,3002385,EVENT,,,1602749301142
4689,Age glaucoma diagnosed,,,years,4722,,"ACE touchscreen question What was your age when glaucoma was first diagnosed? The following checks were performed: If answer < 0 then rejected If answer > Participants age then rejected If answer < 40 then participant asked to confirm If answer > 69 then participant asked to confirm If the participant activated the Help button they were shown the message: If you are unsure, please provide an estimate or select Do not know. ~F4689~ was collected from participants who indicated they have glaucoma, as defined by their answers to ~F6148~",0.638003945350647,APPROVED,Anne,1602762254065,9448,UNIT,,Anne,1602762253599
30404,Volume of ACD held by UKB,,,microlitres,498647,,"Volume held of ACD sample, obtained from UK Biobank assessment centre visits.",0.29214322566986084,FLAGGED,,0,3036603,EVENT,,,1602749301144
30404,Volume of ACD held by UKB,,,microlitres,498647,,"Volume held of ACD sample, obtained from UK Biobank assessment centre visits.",0.29214322566986084,FLAGGED,,0,9665,UNIT,,,1602749301144
3160,"Weight, manual entry",,,Kg,8707,,Weight (manual entry),0.5195716023445129,APPROVED,Anne,1602762274240,3025315,EVENT,,Anne,1602762262741
3160,"Weight, manual entry",,,Kg,8707,,Weight (manual entry),0.5195716023445129,APPROVED,Anne,1602762274240,9529,UNIT,,Anne,1602762273045
30001,White blood cell (leukocyte) count freeze-thaw cycles,,,,474895,,"Number of freeze-thaw cycles sample went through before White Blood Cell Count assay was performed (blood sample obtained from UK Biobank assessment centre visit).",0.5905367136001587,APPROVED,,0,3010813,EVENT,,,1602749301146
30080,Platelet count,,,10^9 cells/Litre,503448,,"Result of Platelet Count assay, performed on blood sample, obtained from UK Biobank assessment centre visit. Platelet count is the number of thrombocytes derived from the platelet histogram.",1.0,APPROVED,,0,4267147,EVENT,,,1602749301147
30080,Platelet count,,,10^9 cells/Litre,503448,,"Result of Platelet Count assay, performed on blood sample, obtained from UK Biobank assessment centre visit. Platelet count is the number of thrombocytes derived from the platelet histogram.",1.0,APPROVED,,0,44777588,UNIT,,,1602749301148
41234,Records in HES inpatient diagnoses dataset,,,records,413573,,"Adding this field to a basket will grant access to the HESIN_DIAG table on the Data Portal. See the Inpatient Data Dictionary (~R141140~) in ~L2000~ for information about the HESIN_DIAG table.  If included, the field will also appear in a main UK Biobank dataset where it will give a count of the number of rows for each participant in the HESIN_DIAG table.",0.5310080647468567,FLAGGED,,0,0,EVENT,,,1602764653807
4700,Age cataract diagnosed,,,years,16384,,"ACE touchscreen question What was your age when a cataract was first diagnosed? The following checks were performed: If answer < 0 then rejected If answer > Participants age then rejected If answer < 40 then participant asked to confirm If answer > 69 then participant asked to confirm If the participant activated the Help button they were shown the message: If you are unsure, please provide an estimate or select Do not know. ~F4700~ was collected from participants who indicated they have cataract, as defined by their answers to ~F6148~",0.6419644355773926,FLAGGED,,0,9448,UNIT,,Anne,1602762522968
30110,Platelet distribution width,,,percent,497773,,"Result of Platelet Distribution Width assay, performed on blood sample, obtained from UK Biobank assessment centre visit. Platelet Distribution Width is the coefficient of variation of platelet size.",1.0,APPROVED,,0,4097620,EVENT,,,1602749301152
30110,Platelet distribution width,,,percent,497773,,"Result of Platelet Distribution Width assay, performed on blood sample, obtained from UK Biobank assessment centre visit. Platelet Distribution Width is the coefficient of variation of platelet size.",1.0,APPROVED,,0,8554,UNIT,,,1602749301152
30161,Basophill count freeze-thaw cycles,,,,472955,,"Number of freeze-thaw cycles sample went through before Basophils Number assay was performed (blood sample obtained from UK Biobank assessment centre visit).",0.4408353865146637,APPROVED,Anne,1602762565759,4172647,EVENT,,Anne,1602762563566
30281,Immature reticulocyte fraction freeze-thaw cycles,,,,466720,,"Number of freeze-thaw cycles sample went through before Immature Reticulocytes Fraction assay was performed (blood sample obtained from UK Biobank assessment centre visit).",0.6277812123298645,APPROVED,Anne,1602762575334,4135655,EVENT,,Anne,1602762574188
30414,Volume of RNA held by UKB,,,microlitres,131336,,"Volume held of RNA sample, obtained from UK Biobank assessment centre visits.",0.31042051315307617,APPROVED,,0,40480050,EVENT,,Anne,1602763592735
30414,Volume of RNA held by UKB,,,microlitres,131336,,"Volume held of RNA sample, obtained from UK Biobank assessment centre visits.",0.31042051315307617,APPROVED,,0,9665,UNIT,,Anne,1602763592735
93,"Systolic blood pressure, manual reading",,,mmHg,81001,,"Blood pressure, manual reading, systolic. Two measures of blood pressure were taken a few moments apart. A manual sphygmometer was used if the standard automated device could not be employed.",0.7288500666618347,APPROVED,Anne,1602763655450,4152194,EVENT,,,1602749301157
93,"Systolic blood pressure, manual reading",,,mmHg,81001,,"Blood pressure, manual reading, systolic. Two measures of blood pressure were taken a few moments apart. A manual sphygmometer was used if the standard automated device could not be employed.",0.7288500666618347,APPROVED,Anne,1602763655450,8876,UNIT,,Anne,1602763654473
30301,High light scatter reticulocyte count freeze-thaw cycles,,,,466721,,"Number of freeze-thaw cycles sample went through before High Light Scatter Reticulocytes Number assay was performed (blood sample obtained from UK Biobank assessment centre visit).",0.4800644814968109,APPROVED,Anne,1602763677519,3038466,EVENT,,Anne,1602763676487
41235,Spells in hospital,,,Spells,330447,,"This field holds the total number of known spells a participant has had in hospital, as derived from all of their available hospital Episode records. As the data does not always permit Episodes to be unambiguously amalgamated into Spells, the figures are approximate.  In order to conduct detailed analyses of this data using the source information, researchers will need to gain access to the HESIN table by adding ~F41259~ to their basket.",0.7236530184745789,FLAGGED,,0,0,EVENT,,,1602764653808
30081,Platelet count freeze-thaw cycles,,,,474897,,"Number of freeze-thaw cycles sample went through before Platelet Count assay was performed (blood sample obtained from UK Biobank assessment centre visit).",0.41500774025917053,APPROVED,,0,4267147,EVENT,,,1602749301159
30010,Red blood cell (erythrocyte) count,,,10^12 cells/Litre,503449,,"Result of Red Blood Cell Count assay, performed on blood sample, obtained from UK Biobank assessment centre visit. Red blood cells is the number of erythrocytes.   Analyser operating range was 0 to 2x10^13 cells/Litre.   Typical reference range is 3.9x10^12 to 5.5x10^12 cells/Litre.",0.5146379470825195,APPROVED,,0,3026361,EVENT,,,1602749301159
30010,Red blood cell (erythrocyte) count,,,10^12 cells/Litre,503449,,"Result of Red Blood Cell Count assay, performed on blood sample, obtained from UK Biobank assessment centre visit. Red blood cells is the number of erythrocytes.   Analyser operating range was 0 to 2x10^13 cells/Litre.   Typical reference range is 3.9x10^12 to 5.5x10^12 cells/Litre.",0.5146379470825195,APPROVED,,0,44777575,UNIT,,,1602749301161
2794,Age started oral contraceptive pill,,,years,251487,,"ACE touchscreen question About how old were you when you first went on the contraceptive pill? The following checks were performed: If answer < 5 then rejected If answer > Participants age then rejected If answer < 10 then participant asked to confirm If answer > 50 then participant asked to confirm If the participant activated the Help button they were shown the message: If you are unsure, please provide an estimate or select Do not know. ~F2794~ was collected from women who indicated that they had taken the contraceptive pill, as defined by their answers to ~F2784~",0.8214922547340393,APPROVED,Anne,1602763748342,9448,UNIT,,Anne,1602763746852
3536,Age started hormone-replacement therapy (HRT),,,years,118041,,"ACE touchscreen question How old were you when you first used HRT? The following checks were performed: If answer < 16 then rejected If answer > Participants age then rejected If answer < 35 then participant asked to confirm If answer > 65 then participant asked to confirm If the participant activated the Help button they were shown the message: If you are unsure, please provide an estimate or select Do not know. ~F3536~ was collected from women who indicated that they had used HRT, as defined by their answers to ~F2814~",0.8174446821212769,FLAGGED,,0,9448,UNIT,,Anne,1602763793058
30170,Nucleated red blood cell count,,,10^9 cells/Litre,496853,,"Result of Nucleated Red Blood Cells Number assay, performed on blood sample, obtained from UK Biobank assessment centre visit. Nucleated Red Blood Cells count is calculated as: Nucleated Red Blood Cells (percentage) x white blood cell count .",1.0,APPROVED,Anne,1602763960315,4012826,EVENT,,Anne,1602763949377
30170,Nucleated red blood cell count,,,10^9 cells/Litre,496853,,"Result of Nucleated Red Blood Cells Number assay, performed on blood sample, obtained from UK Biobank assessment centre visit. Nucleated Red Blood Cells count is calculated as: Nucleated Red Blood Cells (percentage) x white blood cell count .",1.0,APPROVED,Anne,1602763960315,44777588,UNIT,,Anne,1602763959478
30261,Mean reticulocyte volume freeze-thaw cycles,,,,466720,,"Number of freeze-thaw cycles sample went through before Mean Reticulocytes Volume assay was performed (blood sample obtained from UK Biobank assessment centre visit).",0.4727301001548767,APPROVED,Anne,1602764103909,3049858,EVENT,,,1602749301164
30374,Volume of Li-Hep plasma held by UKB,,,microlitres,502806,,"Volume held of Lithium-Heparin plasma sample, obtained from UK Biobank assessment centre visits.",0.4075165092945099,APPROVED,,0,44808074,EVENT,,,1602749301165
30374,Volume of Li-Hep plasma held by UKB,,,microlitres,502806,,"Volume held of Lithium-Heparin plasma sample, obtained from UK Biobank assessment centre visits.",0.4075165092945099,APPROVED,,0,9665,UNIT,,,1602749301165
30211,Eosinophill percentage freeze-thaw cycles,,,,474015,,"Number of freeze-thaw cycles sample went through before Eosinophils Percentage assay was performed (blood sample obtained from UK Biobank assessment centre visit).",0.43140557408332825,APPROVED,Anne,1602764114939,4149456,EVENT,,Anne,1602764113231
30314,Volume of EDTA1 plasma held by UKB,,,microlitres,501550,,"Volume held of EDTA1 plasma sample, obtained from UK Biobank assessment centre visits.",0.3865637183189392,APPROVED,,0,45769404,EVENT,,,1602749301165
30314,Volume of EDTA1 plasma held by UKB,,,microlitres,501550,,"Volume held of EDTA1 plasma sample, obtained from UK Biobank assessment centre visits.",0.3865637183189392,APPROVED,,0,9665,UNIT,,,1602749301165
20006,Interpolated Year when cancer first diagnosed,,,years,53317,,"This is the interpolated time when the participant indicated the corresponding cancer was first diagnosed by a doctor, measured in years.    If the participant gave a calendar year, then the best-fit time is half-way through that year. For example if the year was given as 1970, then the value presented is 1970.5   If the participant gave their age then the value presented is the fractional year corresponding to the mid-point of that age. For example, if the participant said they were 30 years old then the value is the date at which they were 30years+6months.  Interpolated values before the date of birth were truncated forwards to that time.   Interpolated values after the time of data acquisition were truncated back to that time.   ",0.5106776356697083,FLAGGED,,0,9448,UNIT,,Anne,1602764169447
94,"Diastolic blood pressure, manual reading",,,mmHg,81001,,"Blood pressure, manual reading, diastolic. Two measures of blood pressure were taken a few moments apart. A manual sphygmometer was used if the standard automated device could not be employed.",0.7418496012687683,APPROVED,Anne,1602764254751,4154790,EVENT,,,1602749301166
94,"Diastolic blood pressure, manual reading",,,mmHg,81001,,"Blood pressure, manual reading, diastolic. Two measures of blood pressure were taken a few moments apart. A manual sphygmometer was used if the standard automated device could not be employed.",0.7418496012687683,APPROVED,Anne,1602764254751,8876,UNIT,,Anne,1602764252177
41259,Records in HES inpatient main dataset,,,records,413687,,"Adding this field to a basket will grant access to the HESIN table on the Data Portal. See the Inpatient Data Dictionary (~R141140~) in ~L2000~ for information about the HESIN table.  If included, the field will also appear in a main UK Biobank dataset where it will give a count of the number of rows for each participant in the HESIN table.",0.5516849160194397,FLAGGED,,0,0,EVENT,,,1602764653808
30220,Basophill percentage,,,percent,502550,,"Result of Basophils Percentage assay, performed on blood sample, obtained from UK Biobank assessment centre visit. Basophils (Percentage) is calculated as the proportion of basophils in the leukocytes.",0.8073204755783081,APPROVED,,0,4156653,EVENT,,,1602749301168
30220,Basophill percentage,,,percent,502550,,"Result of Basophils Percentage assay, performed on blood sample, obtained from UK Biobank assessment centre visit. Basophils (Percentage) is calculated as the proportion of basophils in the leukocytes.",0.8073204755783081,APPROVED,,0,8554,UNIT,,,1602749301168
3062,Forced vital capacity (FVC),,,litres,1415262,,FVC value calculated from blow,0.8197484016418457,APPROVED,,0,4248526,EVENT,,,1602749301169
3062,Forced vital capacity (FVC),,,litres,1415262,,FVC value calculated from blow,0.8197484016418457,APPROVED,,0,8519,UNIT,,,1602749301169
30270,Mean sphered cell volume,,,femtolitres,489146,,"Result of Mean Sphered Cells Volume assay, performed on blood sample, obtained from UK Biobank assessment centre visit.",0.7909407615661621,APPROVED,,0,3039385,EVENT,,,1602749301169
30270,Mean sphered cell volume,,,femtolitres,489146,,"Result of Mean Sphered Cells Volume assay, performed on blood sample, obtained from UK Biobank assessment centre visit.",0.7909407615661621,APPROVED,,0,8583,UNIT,,,1602749301169
30061,Mean corpuscular haemoglobin concentration freeze-thaw cycles,,,,474893,,"Number of freeze-thaw cycles sample went through before Mean Corpuscular Haemoglobin Concentration assay was performed (blood sample obtained from UK Biobank assessment centre visit).",0.6333514451980591,APPROVED,Anne,1602764291936,4290193,EVENT,,,1602749301169
30384,Volume of serum held by UKB,,,microlitres,501034,,"Volume held of serum sample, obtained from UK Biobank assessment centre visits.",0.39688366651535034,APPROVED,,0,4001181,EVENT,,,1602749301169
30384,Volume of serum held by UKB,,,microlitres,501034,,"Volume held of serum sample, obtained from UK Biobank assessment centre visits.",0.39688366651535034,APPROVED,,0,9665,UNIT,,,1602749301169
4079,"Diastolic blood pressure, automated reading",,,mmHg,1052519,,"Blood pressure, automated reading, diastolic. Two measures of blood pressure were taken a few moments apart.  Range returned by the Omron device is is 0-255",0.7422037124633789,APPROVED,,0,4154790,EVENT,,,1602749301169
4079,"Diastolic blood pressure, automated reading",,,mmHg,1052519,,"Blood pressure, automated reading, diastolic. Two measures of blood pressure were taken a few moments apart.  Range returned by the Omron device is is 0-255",0.7422037124633789,APPROVED,,0,8876,UNIT,,,1602749301170
2804,Age when last used oral contraceptive pill,,,years,251045,,"ACE touchscreen question How old were you when you last used the contraceptive pill? The following checks were performed: If answer < 5 then rejected If answer > Participants age then rejected If answer < 10 then participant asked to confirm If answer > 60 then participant asked to confirm If the participant activated the Help button they were shown the message: If you are currently taking the pill select Still taking the pill. If you are unsure, please provide an estimate or select Do not know. ~F2804~ was collected from women who indicated that they had taken the contraceptive pill, as defined by their answers to ~F2784~",0.6787623167037964,APPROVED,,0,35810320,EVENT,,Anne,1602764315361
2804,Age when last used oral contraceptive pill,,,years,251045,,"ACE touchscreen question How old were you when you last used the contraceptive pill? The following checks were performed: If answer < 5 then rejected If answer > Participants age then rejected If answer < 10 then participant asked to confirm If answer > 60 then participant asked to confirm If the participant activated the Help button they were shown the message: If you are currently taking the pill select Still taking the pill. If you are unsure, please provide an estimate or select Do not know. ~F2804~ was collected from women who indicated that they had taken the contraceptive pill, as defined by their answers to ~F2784~",0.6787623167037964,APPROVED,,0,9448,UNIT,,Anne,1602764315361
102,"Pulse rate, automated reading",,,bpm,1052519,,This is the pulse rate measured during the automated blood pressure readings.,0.6155647039413452,APPROVED,,0,4301868,EVENT,,,1602749301172
102,"Pulse rate, automated reading",,,bpm,1052519,,This is the pulse rate measured during the automated blood pressure readings.,0.6155647039413452,APPROVED,,0,8483,UNIT,,Maxim,0
30290,High light scatter reticulocyte percentage,,,percent,489146,,"Result of High Light Scatter Reticulocytes Percentage assay, performed on blood sample, obtained from UK Biobank assessment centre visit. High Light Scatter Reticulocytes (Percentage) is computed as: (HLR / Total Erythrocytes) x 100.",0.6543775200843811,APPROVED,,0,3041522,EVENT,,,1602749301173
30290,High light scatter reticulocyte percentage,,,percent,489146,,"Result of High Light Scatter Reticulocytes Percentage assay, performed on blood sample, obtained from UK Biobank assessment centre visit. High Light Scatter Reticulocytes (Percentage) is computed as: (HLR / Total Erythrocytes) x 100.",0.6543775200843811,APPROVED,,0,8554,UNIT,,,1602749301173
30200,Neutrophill percentage,,,percent,502550,,"Result of Neutrophils Percentage assay, performed on blood sample, obtained from UK Biobank assessment centre visit. Neutrophils (Percentage) is calculated as the proportion of neutrophils in the leukocytes.",0.812640368938446,APPROVED,,0,4153001,EVENT,,,1602749301175
30200,Neutrophill percentage,,,percent,502550,,"Result of Neutrophils Percentage assay, performed on blood sample, obtained from UK Biobank assessment centre visit. Neutrophils (Percentage) is calculated as the proportion of neutrophils in the leukocytes.",0.812640368938446,APPROVED,,0,8554,UNIT,,,1602749301175
41261,Records in HES inpatient maternity dataset,,,records,16624,,"Adding this field to a basket will grant access to the HESIN_MATERNITY table on the Data Portal. See the Inpatient data Dictionary (~R141140~) in ~L2000~ for information about the HESIN_MATERNITY table.  If included, the field will also appear in a main UK Biobank dataset where it will give a count of the number of rows for each participant in the HESIN_MATERNITY table.",0.5242486596107483,FLAGGED,,0,0,EVENT,,,1602764653809
30221,Basophill percentage freeze-thaw cycles,,,,473999,,"Number of freeze-thaw cycles sample went through before Basophils Percentage assay was performed (blood sample obtained from UK Biobank assessment centre visit).",0.44778841733932495,APPROVED,Anne,1602764347400,4156653,EVENT,,Anne,1602764346282
40008,Age at cancer diagnosis,,,,118715,,Age calculated as interval between Dates of Birth and Cancer diagnosis.,1.0,APPROVED,Anne,1602764367332,3007016,EVENT,,,1602749301176
40008,Age at cancer diagnosis,,,,118715,,Age calculated as interval between Dates of Birth and Cancer diagnosis.,1.0,APPROVED,Anne,1602764367332,9448,UNIT,,Anne,1602764364974
47,Hand grip strength (right),,,Kg,569463,,Right grip strength,0.5959558486938477,APPROVED,,0,44805438,EVENT,,,1602749301176
47,Hand grip strength (right),,,Kg,569463,,Right grip strength,0.5959558486938477,APPROVED,,0,9529,UNIT,,,1602749301177
20009,Interpolated Age of participant when non-cancer illness first diagnosed,,,years,1125831,,"This is the interpolated time when the participant indicated the corresponding condition was first diagnosed by a doctor, given as their estimated age.    If the participant gave a calendar year, then the best-fit time is their age at the mid-point of that year. For example if the year was given as 1970, and the participant was born on 1 April 1950, then their age on 1st July 1970 is 20.25  then the value presented is 1970.5   If the participant gave their age then the value presented is the fractional year corresponding to the mid-point of that age. For example, if the participant said they were 30 years old then the value is 30.5  Interpolated values before the date of birth were truncated forwards to that time.   Interpolated values after the time of data acquisition were truncated back to that time.   ",0.4432108700275421,FLAGGED,,0,40766624,EVENT,,,1602749301177
20009,Interpolated Age of participant when non-cancer illness first diagnosed,,,years,1125831,,"This is the interpolated time when the participant indicated the corresponding condition was first diagnosed by a doctor, given as their estimated age.    If the participant gave a calendar year, then the best-fit time is their age at the mid-point of that year. For example if the year was given as 1970, and the participant was born on 1 April 1950, then their age on 1st July 1970 is 20.25  then the value presented is 1970.5   If the participant gave their age then the value presented is the fractional year corresponding to the mid-point of that age. For example, if the participant said they were 30 years old then the value is 30.5  Interpolated values before the date of birth were truncated forwards to that time.   Interpolated values after the time of data acquisition were truncated back to that time.   ",0.4432108700275421,FLAGGED,,0,9448,UNIT,,,1602749301177
3063,Forced expiratory volume in 1-second (FEV1),,,litres,1415262,,FEV1 value calculated from blow,0.6682666540145874,APPROVED,,0,40766743,EVENT,,,1602749301177
3063,Forced expiratory volume in 1-second (FEV1),,,litres,1415262,,FEV1 value calculated from blow,0.6682666540145874,APPROVED,,0,8519,UNIT,,,1602749301177
34,Year of birth,,,years,502505,,"Year of birth of participant. Acquired from central registry, updated by participant.",0.6810716390609741,FLAGGED,,0,0,EVENT,,,1602749301178
34,Year of birth,,,years,502505,,"Year of birth of participant. Acquired from central registry, updated by participant.",0.6810716390609741,APPROVED,,0,9448,UNIT,,,1602749301178
4080,"Systolic blood pressure, automated reading",,,mmHg,1052489,,"Blood pressure, automated reading, systolic. Two measures of blood pressure were taken a few moments apart.   Range returned by the Omron device is is 0-255",0.7292104959487915,APPROVED,,0,4152194,EVENT,,,1602749301179
4080,"Systolic blood pressure, automated reading",,,mmHg,1052489,,"Blood pressure, automated reading, systolic. Two measures of blood pressure were taken a few moments apart.   Range returned by the Omron device is is 0-255",0.7292104959487915,APPROVED,,0,8876,UNIT,,,1602749301179
20007,Interpolated Age of participant when cancer first diagnosed,,,years,53317,,"This is the interpolated time when the participant indicated the corresponding cancer was first diagnosed by a doctor, given as their estimated age.    If the participant gave a calendar year, then the best-fit time is their age at the mid-point of that year. For example if the year was given as 1970, and the participant was born on 1 April 1950, then their age on 1st July 1970 is 20.25  then the value presented is 1970.5   If the participant gave their age then the value presented is the fractional year corresponding to the mid-point of that age. For example, if the participant said they were 30 years old then the value is 30.5  Interpolated values before the date of birth were truncated forwards to that time.   Interpolated values after the time of data acquisition were truncated back to that time.   ",0.5366804599761963,APPROVED,Anne,1602764396900,40766624,EVENT,,,1602749301180
20007,Interpolated Age of participant when cancer first diagnosed,,,years,53317,,"This is the interpolated time when the participant indicated the corresponding cancer was first diagnosed by a doctor, given as their estimated age.    If the participant gave a calendar year, then the best-fit time is their age at the mid-point of that year. For example if the year was given as 1970, and the participant was born on 1 April 1950, then their age on 1st July 1970 is 20.25  then the value presented is 1970.5   If the participant gave their age then the value presented is the fractional year corresponding to the mid-point of that age. For example, if the participant said they were 30 years old then the value is 30.5  Interpolated values before the date of birth were truncated forwards to that time.   Interpolated values after the time of data acquisition were truncated back to that time.   ",0.5366804599761963,APPROVED,Anne,1602764396900,9448,UNIT,,Anne,1602764396248
48,Waist circumference,,,cm,570954,,Waist circumference,1.0,APPROVED,,0,4172830,EVENT,,,1602749301180
48,Waist circumference,,,cm,570954,,Waist circumference,1.0,APPROVED,,0,8582,UNIT,,,1602749301180
30070,Red blood cell (erythrocyte) distribution width,,,percent,503449,,"Result of Red Distribution Width assay, performed on blood sample, obtained from UK Biobank assessment centre visit. Red blood cell Distribution Width is the size distribution spread of the erythrocyte population derived from the red blood cell histogram. It is the coefficient of variation (CV) expressed in % of the red blood cell size distribution.",0.7045555710792542,APPROVED,,0,3002385,EVENT,,,1602749301180
30070,Red blood cell (erythrocyte) distribution width,,,percent,503449,,"Result of Red Distribution Width assay, performed on blood sample, obtained from UK Biobank assessment centre visit. Red blood cell Distribution Width is the size distribution spread of the erythrocyte population derived from the red blood cell histogram. It is the coefficient of variation (CV) expressed in % of the red blood cell size distribution.",0.7045555710792542,APPROVED,,0,8554,UNIT,,,1602749301180
4194,Pulse rate,,,bpm,234837,,Pulse rate during arterial stiffness measurement,1.0,APPROVED,,0,4301868,EVENT,,,1602749301180
4194,Pulse rate,,,bpm,234837,,Pulse rate during arterial stiffness measurement,1.0,APPROVED,,0,8483,UNIT,,Maxim,0
40009,Reported occurrences of cancer,,,,89766,,This is the number of reports of cancer received from UK National registries. Participants who have never been reported as having cancer do not contribute to this field unless a report was received then subsequently withdrawn.,0.69959956407547,APPROVED,Anne,1602764441611,0,EVENT,,,1602764653809
49,Hip circumference,,,cm,570892,,Hip circumference,1.0,APPROVED,,0,4111665,EVENT,,,1602749301182
49,Hip circumference,,,cm,570892,,Hip circumference,1.0,APPROVED,,0,8582,UNIT,,,1602749301182
4022,Age pulmonary embolism (blood clot in lung) diagnosed,,,years,4687,,"ACE touchscreen question What was your age when the blood clot in the lung was first diagnosed? The following checks were performed: If answer < 0 then rejected If answer > Participants age then rejected If answer < 40 then participant asked to confirm If answer > 69 then participant asked to confirm If the participant activated the Help button they were shown the message: If you are unsure, please provide an estimate or select Do not know. ~F4022~ was collected from participants who indicated they were told by a doctor that they have had a blood clot in the lung , as defined by their answers to ~F6152~",0.568131148815155,FLAGGED,Anne,1602764474015,0,EVENT,,Anne,1602764473156
4022,Age pulmonary embolism (blood clot in lung) diagnosed,,,years,4687,,"ACE touchscreen question What was your age when the blood clot in the lung was first diagnosed? The following checks were performed: If answer < 0 then rejected If answer > Participants age then rejected If answer < 40 then participant asked to confirm If answer > 69 then participant asked to confirm If the participant activated the Help button they were shown the message: If you are unsure, please provide an estimate or select Do not know. ~F4022~ was collected from participants who indicated they were told by a doctor that they have had a blood clot in the lung , as defined by their answers to ~F6152~",0.568131148815155,FLAGGED,Anne,1602764474015,9448,UNIT,,Anne,1602764473156
30201,Neutrophill percentage freeze-thaw cycles,,,,474019,,"Number of freeze-thaw cycles sample went through before Neutrophils Percentage assay was performed (blood sample obtained from UK Biobank assessment centre visit).",0.47011321783065796,APPROVED,Anne,1602764495959,4153001,EVENT,,Anne,1602764494438
46,Hand grip strength (left),,,Kg,569378,,Left grip strength,0.5779924988746643,APPROVED,,0,44805437,EVENT,,,1602749301183
46,Hand grip strength (left),,,Kg,569378,,Left grip strength,0.5779924988746643,APPROVED,,0,9529,UNIT,,,1602749301183
30230,Nucleated red blood cell percentage,,,percent,496849,,"Result of Nucleated Red Blood Cells Percentage assay, performed on blood sample, obtained from UK Biobank assessment centre visit. Nucleated Red Blood Cells (Percentage) is defined as the number of nucleated red blood cells per 100 white blood cells.",0.886945366859436,APPROVED,,0,4016227,EVENT,,,1602749301184
30230,Nucleated red blood cell percentage,,,percent,496849,,"Result of Nucleated Red Blood Cells Percentage assay, performed on blood sample, obtained from UK Biobank assessment centre visit. Nucleated Red Blood Cells (Percentage) is defined as the number of nucleated red blood cells per 100 white blood cells.",0.886945366859436,APPROVED,,0,8554,UNIT,,,1602749301185
30291,High light scatter reticulocyte percentage freeze-thaw cycles,,,,466722,,"Number of freeze-thaw cycles sample went through before High Light Scatter Reticulocytes Percentage assay was performed (blood sample obtained from UK Biobank assessment centre visit).",0.46470218896865845,APPROVED,Anne,1602764511618,3038466,EVENT,,Anne,1602764510440
30190,Monocyte percentage,,,percent,502550,,"Result of Monocytes Percentage assay, performed on blood sample, obtained from UK Biobank assessment centre visit. Monocytes (percentage) is calculated as the proportion of monocytes in the leukocytes.",0.8849963545799255,APPROVED,,0,4150335,EVENT,,,1602749301187
30190,Monocyte percentage,,,percent,502550,,"Result of Monocytes Percentage assay, performed on blood sample, obtained from UK Biobank assessment centre visit. Monocytes (percentage) is calculated as the proportion of monocytes in the leukocytes.",0.8849963545799255,APPROVED,,0,8554,UNIT,,,1602749301188
4056,Age stroke diagnosed,,,years,8711,,"ACE touchscreen question What was your age when the stroke was first diagnosed? The following checks were performed: If answer < 0 then rejected If answer > Participants age then rejected If answer < 40 then participant asked to confirm If answer > 69 then participant asked to confirm If the participant activated the Help button they were shown the message: If you are unsure, please provide an estimate or select Do not know. ~F4056~ was collected from participants who indicated they were told by a doctor that they have had a stroke, as defined by their answers to ~F6150~",0.5789026618003845,FLAGGED,,0,9448,UNIT,,Anne,1602764533311
40425,Volume of DNA held by UKB,,,microlitres,170999,,"Volume held of DNA sample, derived from UK Biobank assessment centre visits.",0.3032660484313965,APPROVED,,0,4120355,EVENT,,Anne,1602764560641
40425,Volume of DNA held by UKB,,,microlitres,170999,,"Volume held of DNA sample, derived from UK Biobank assessment centre visits.",0.3032660484313965,APPROVED,,0,9665,UNIT,,Anne,1602764560641
30210,Eosinophill percentage,,,percent,502550,,"Result of Eosinophils Percentage assay, performed on blood sample, obtained from UK Biobank assessment centre visit. Eosinophils (Percentage) is calculated as the proportion of eosinophils in the leukocytes.",0.7599777579307556,APPROVED,,0,4149456,EVENT,,,1602749301190
30210,Eosinophill percentage,,,percent,502550,,"Result of Eosinophils Percentage assay, performed on blood sample, obtained from UK Biobank assessment centre visit. Eosinophils (Percentage) is calculated as the proportion of eosinophils in the leukocytes.",0.7599777579307556,APPROVED,,0,8554,UNIT,,,1602749301191
20010,Interpolated Year when operation took place,,,years,993527,,This is the year when the participant indicated the operation took place.,0.34715941548347473,FLAGGED,,0,9448,UNIT,,,1602749301191
30897,Estimated sample dilution factor,,,factor,485036,,Average estimated dilution factor across assays.,0.3904438316822052,APPROVED,,0,36660310,EVENT,,,1602764653810
30897,Estimated sample dilution factor,,,factor,485036,,Average estimated dilution factor across assays.,0.3904438316822052,APPROVED,,0,8523,UNIT,,,1602764653810
20008,Interpolated Year when non-cancer illness first diagnosed,,,years,1125831,,"This is the interpolated time when the participant indicated the corresponding condition was first diagnosed by a doctor, measured in years.    If the participant gave a calendar year, then the best-fit time is half-way through that year. For example if the year was given as 1970, then the value presented is 1970.5   If the participant gave their age then the value presented is the fractional year corresponding to the mid-point of that age. For example, if the participant said they were 30 years old then the value is the date at which they were 30years+6months.  Interpolated values before the date of birth were truncated forwards to that time.   Interpolated values after the time of data acquisition were truncated back to that time.   ",0.4181446433067322,FLAGGED,,0,40766630,EVENT,,,1602749301191
20008,Interpolated Year when non-cancer illness first diagnosed,,,years,1125831,,"This is the interpolated time when the participant indicated the corresponding condition was first diagnosed by a doctor, measured in years.    If the participant gave a calendar year, then the best-fit time is half-way through that year. For example if the year was given as 1970, then the value presented is 1970.5   If the participant gave their age then the value presented is the fractional year corresponding to the mid-point of that age. For example, if the participant said they were 30 years old then the value is the date at which they were 30years+6months.  Interpolated values before the date of birth were truncated forwards to that time.   Interpolated values after the time of data acquisition were truncated back to that time.   ",0.4181446433067322,FLAGGED,,0,9448,UNIT,,,1602749301191
30191,Monocyte percentage freeze-thaw cycles,,,,474018,,"Number of freeze-thaw cycles sample went through before Monocytes Percentage assay was performed (blood sample obtained from UK Biobank assessment centre visit).",0.5069081783294678,APPROVED,Anne,1602764596389,4150335,EVENT,,Anne,1602764583381
30191,Monocyte percentage freeze-thaw cycles,,,,474018,,"Number of freeze-thaw cycles sample went through before Monocytes Percentage assay was performed (blood sample obtained from UK Biobank assessment centre visit).",0.5069081783294678,APPROVED,Anne,1602764596389,8554,UNIT,,Anne,1602764595352
40007,Age at death,,,years,30263,,Age calculated as interval between Date of Birth and Death.,1.0,APPROVED,Anne,1602764617009,3038421,EVENT,,,1602749301192
40007,Age at death,,,years,30263,,Age calculated as interval between Date of Birth and Death.,1.0,APPROVED,Anne,1602764617009,9448,UNIT,,Anne,1602764615511
30231,Nucleated red blood cell percentage freeze-thaw cycles,,,,472674,,"Number of freeze-thaw cycles sample went through before Nucleated Red Blood Cells Percentage assay was performed (blood sample obtained from UK Biobank assessment centre visit).",0.5814327597618103,APPROVED,Anne,1602764634875,4016227,EVENT,,Anne,1602764633167
