eid,data_provider,issue_date,read_2,bnf_code,dmd_code,drug_name,quantity
9787890,3,23/07/2012,,,321745007.0,PRIMOLUT N TABLETS 5MG,56 tablet(s)
4356390,3,24/05/2016,,02.12.04.00.00,,CITALOPRAM tabs 20mg,30 tablets
8018365,3,04/09/2013,,06.02.01.00.00,,Citalopram 20mg tablets,80 grams
5216158,4,15/05/2015,,04.03.04.00.00,,Bendroflumethiazide 2.5mg tablets,56.000
5384852,1,17/09/2007,ff2c.00,,,Aspirin 75mg tablets,100
3765515,3,16/01/2013,,,,,224 capsules
2342614,4,02/11/2009,d711.00,02.08.02.00.00,,Tramadol 100mg modified-release tablets,56 tablet(s)
2013334,3,08/12/2011,bd3j.00,04.07.01.02.00,,Folic acid 5mg tablets,
2013334,3,06/08/2010,l8Dz.00,13.09.01.00.00,,Ubidecarenone 100mg capsules,1*200 ML(S)
5286127,3,10/03/2009,e311.,10.01.01.00.00,,Calcipotriol 50micrograms/ml scalp solution,21.000
2146330,3,08/02/2016,blb1.00,,,,
739128,2,22/02/2016,,02.05.05.02.00,318978004.0,,56 tabs
7896160,3,26/01/2015,b431.,01.03.05.00.00,322343000.0,Trospium chloride 20mg tablets,56.000
3765515,3,27/10/2010,,06.01.02.02.00,,Simvastatin 40mg tablets,2 packs of 28 tablet(s)
2572814,3,11/09/2014,,01.03.01.00.00,317291008.0,Aspirin 75mg gastro-resistant tablets,1.000
2759533,3,19/12/2011,,,,Tramadol 37.5mg / Paracetamol 325mg tablets,56 tablet(s)
8086156,3,16/05/2016,,03.03.01.00.00,,Atenolol 25mg tablets,2 packs of 84 tablet(s)
1947461,3,25/01/2010,,14.04.21.00.00,,,28 capsule(s) - 20 mg
1015541,3,09/10/2012,,10.01.01.00.00,,METHOTREXATE TAB 2.5,2 packs of 28 tablet(s)
2553559,3,19/11/2014,,09.06.04.00.00,,Estradiol 1mg tablets,112 tablet
7602676,3,26/02/2009,,,,CITALOPRAM tabs 20mg,1 400 dose inhaler
8379628,3,22/02/2013,,04.02.03.04.00,318901006.0,Atenolol 25mg tablets,2 x28 tablet(s)
3840609,3,02/10/2007,,,,Simvastatin TABS 40MG,1 pack of 500 g (dispenser)
8452152,3,26/04/2012,,,,,"20 dressing - square, 15 cm x 15 cm"
9402479,3,14/04/2009,gh52.,,,CALCICHEW-D3 chewable tablet [SHIRE],
1120792,4,19/03/2010,,,,Co-codamol 30mg/500mg capsules,112.000
9067009,1,07/10/2013,,,,Tramadol 100mg modified-release tablets,56 tablets - 50 mg
6699668,3,14/02/2011,,13.08.01.02.00,,,30.000
2553559,3,28/04/2005,bl3y.,02.05.05.02.00,,Gentamicin 0.3% / Hydrocortisone acetate 1% ear drops,4 tablet
4348378,4,06/08/2012,ph7L.,06.02.01.00.00,,Lyrica 150mg capsules (Pfizer Ltd),1 pack of 500 mls peppermint
3894871,1,18/10/2011,dnjy.00,01.03.05.00.00,,Ibuprofen 400mg tablets,200 tablet
6699668,1,06/07/2012,,13.05.02.01.00,319284000.0,GAVISCON oral liquid sugar-free [RECKITT B],56 tablet(s) - 75 mg
4637932,3,19/01/2010,,02.04.00.00.00,,,84.000
2574263,4,27/10/2014,ip3f.,,,Amlodipine 5mg tablets,1 pack of 100 tablet(s)
944173,3,08/06/2015,,01.06.04.00.00,,Ferrous fumarate 210mg tablets,28 tablets
3166964,1,25/06/2014,,01.05.01.00.00,,Amitriptyline 25mg tablets,
6699668,3,03/04/2017,,02.04.00.00.00,360311000001104.0,Aspirin 75mg dispersible tablets,
8766522,4,30/08/2013,,04.07.02.00.00,,Levothyroxine sodium 50microgram tablets,56.000
15725,3,06/06/2016,jA1w.00,02.05.05.01.00,321987003.0,Trimethoprim 200mg tablets,56 tablet
3555892,4,26/02/2016,,04.03.04.00.00,,SILDENAFIL SLS TABLETS 100MG,
2013334,3,03/01/2013,a6c2.,07.02.02.00.00,3154411000001105.0,,30.000
5226712,2,02/07/2012,ph7W.,01.03.05.00.00,,Atenolol 25mg tablets,56 tablet
6793535,3,02/07/2007,,07.04.01.01.00,,Fluoxetine CAPS 20MG,56.000
7896160,3,07/05/2014,,06.01.05.00.00,,Diazepam 5mg tablets,4 tablets
7667876,4,23/11/2009,,06.04.01.01.00,,Hypromellose 0.5% eye drops,56 tab
7903246,3,25/02/2015,,01.03.05.00.00,,Dovonex 50micrograms/ml scalp solution (LEO Pharma),7 tablet
5991968,1,06/06/2013,,,,Olanzapine 10mg oral lyophilisates sugar free,56 tablets
2091007,3,14/01/2011,,04.07.01.02.00,,Simvastatin 40mg tablets,2 packs of 100 tablet(s)
6699668,3,20/05/2013,,,319288002.0,Adcal-D3 chewable tablets tutti frutti (Kyowa Kirin Ltd),500 ml - 10 mg/5 ml
1829771,3,02/07/2007,,06.03.02.00.00,,,
4837869,3,15/08/2013,,02.04.00.00.00,,,28 tablets
1120792,4,11/11/2014,,12.02.01.00.00,,Omeprazole 20mg gastro-resistant capsules,
6699668,1,28/12/2012,,,,Felodipine 10mg modified-release tablets,28 tablet
8132321,3,18/05/2015,,13.06.02.01.00,,Pizotifen 500microgram tablets,224 capsule
8184997,3,03/02/2014,a6b1.,02.09.03.00.00,,Revaxis vaccine suspension for injection 0.5ml pre-filled syringes (sanofi pasteur MSD Ltd),
7124098,3,18/03/2013,,,,Co-proxamol 32.5mg/325mg tablets,56 tablet
6906537,1,18/03/2013,,,,,1 pack of 30 tablet(s)
2990128,3,07/03/2013,,01.03.05.00.00,,Tramadol 37.5mg / Paracetamol 325mg tablets,7 tablet
7896160,4,08/02/2011,,06.01.02.03.00,,Bendroflumethiazide TABS 2.5MG,
4972784,3,08/02/2011,,10.03.02.01.00,321747004.0,Finasteride 5mg tablets,56 tablet(s)
3840609,3,07/12/2015,f35z.,02.05.05.02.00,,Duloxetine 60mg gastro-resistant capsules,
9409190,3,08/03/2010,,,,Pregabalin 50mg capsules,56 tablet
9157817,3,29/07/2013,,04.07.02.00.00,,Colecalciferol 800unit capsules,2 packs of 60 tablet(s)
8018365,3,17/06/2013,,90.01.01.02.00,,Canagliflozin 100mg tablets,84 tab
2342614,4,10/09/2007,f923.,12.01.03.00.00,,,56 capsule
3794152,3,16/07/2015,,01.03.05.00.00,,,56 tablets - 50 mg
3776111,3,07/04/2014,,06.02.01.00.00,,Furosemide  Tablets  40 mg,10.000
4228391,1,14/03/2016,dnbc.00,0501050B0AAADAD,,Levothyroxine sodium 25microgram tablets,200 dose
6339714,4,14/10/2013,a6b1.,02.05.05.02.00,,Fostair 100micrograms/dose / 6micrograms/dose inhaler (Chiesi Ltd),140 dose
1894136,3,26/02/2010,c8n1.,02.05.05.02.00,,Bendroflumethiazide 2.5mg tablets,
5226712,1,28/04/2011,,1001010P0AAADAD,,,56 capsule
1894136,3,23/10/2006,,01.03.01.00.00,,Combihesive Natura two piece ostomy system combihesive flange S7246 45mm (ConvaTec Ltd),
944173,3,24/02/2015,d712.00,,,Hypromellose 0.5% eye drops,
7465829,3,07/12/2010,,04.03.03.00.00,,ADIZEM XL capsules 120mg [NAPPPHARM],200.000
5750977,1,19/12/2005,,10.01.04.03.00,,Valsartan 80mg capsules,28 tablet
2912072,3,19/01/2010,,01.03.05.00.00,,Doxazosin Mesilate  Tablets  2 mg,56 tablet - 500 mg
6459511,3,04/02/2015,,,,Co-codamol 30mg/500mg capsules,2 packs of 2.5 mls
3173810,3,17/02/2016,blb2.,04.07.01.02.00,,Sildenafil Citrate  Tablets  100 mg,28.000
7715319,1,04/02/2014,,11.04.02.00.00,,,7 capsule
169103,3,24/10/2007,,04.06.03.00.00,,Ramipril 5mg capsules,240 caps
5786693,3,19/07/2013,,02.06.01.02.00,,Beclometasone 50micrograms/dose nasal spray,56 tablet
9911614,3,22/11/2006,,06.04.01.01.00,,Bisoprolol 5mg tablets,28 tablet
5157047,1,09/02/2009,ce36.,14.04.09.00.00,,Naproxen 500mg tablets,
3166964,3,04/03/2015,,02.06.01.02.00,,Ramipril 5mg capsules,100 capsule
5056803,3,24/06/2008,bxd5.,02.02.01.00.00,,Doxycycline 100mg capsules,56.000
1436348,3,24/09/2013,,,,Omeprazole 10mg gastro-resistant capsules,56 tablet
3166964,2,07/11/2011,,0906040N0BBABDU,,Levothyroxine sodium 50microgram tablets,56 tablet
1003424,3,08/05/2013,,01.03.05.00.00,329654002.0,Celecoxib 100mg capsules,
15725,3,31/01/2011,,,,Folic acid 5mg tablets,2 packs of 28 tablet(s)
2091007,4,25/11/2014,l881.,,,Lansoprazole 30mg gastro-resistant capsules,
2102958,3,18/08/2014,dnj3.00,06.01.02.02.00,,,60.000
8379628,3,18/12/2012,,02.12.04.00.00,,Isosorbide mononitrate 40mg modified-release capsules,56.000
883996,4,24/06/2008,bxd5.,05.01.01.02.00,,BENDROFLUAZIDE TAB 2.5mg,8.000
2178682,3,18/01/2005,,04.07.04.02.00,,,28 capsule(s) - 15 mg
5286127,3,06/12/2010,,,,Aspirin 75mg dispersible tablets,5 millilitres
9291720,3,30/08/2005,,01.07.04.00.00,,E45 cream (Forum Health Products Ltd),60.000
169103,3,01/03/2011,,,415162000.0,Zomorph 10mg modified-release capsules (Ethypharm UK Ltd),56 tabs
3857841,3,04/05/2016,,12.01.01.02.00,,Dosulepin 75mg tablets,28 capsule
6459511,3,04/09/2013,,13.05.02.01.00,,Mometasone 0.1% ointment,56 tablet(s)
5228091,3,12/12/2011,bdfw.,06.01.05.00.00,,Levothyroxine sodium 100microgram tablets,56 tablet(s)
169103,1,28/09/2015,,04.03.01.00.00,,,25 tablet
2550137,3,01/05/2012,f923.,,,Alendronic acid 70mg tablets,1 spray
8132321,3,25/02/2013,,04.07.01.02.00,,Omeprazole 20mg gastro-resistant capsules,1 op - 0.05 %
9787890,3,23/07/2013,,04.03.03.00.00,,Aciclovir 800mg tablets,112.000
9157817,3,15/06/2015,,02.09.02.00.00,,Candesartan 32mg tablets,
7465829,3,24/09/2015,,12.02.01.00.00,,Atorvastatin 20mg tablets,28 tab
6081782,3,15/06/2015,,,,,
5216158,4,17/03/2015,,,,Atorvastatin 10mg tablets,240 capsules
6648693,3,24/05/2013,,02.12.03.00.00,,Ramipril 10mg capsules,
2102958,3,03/02/2012,,13.10.02.00.00,,fluticasone with salmeterol dry powder inhaler 500micrograms + 50micrograms/inhalation,28 capsule(s)
5216158,3,01/10/2012,gda3.,11.08.01.00.00,,ispaghula husk gluten-free powder sugar-free 3.5g,
6125701,1,12/11/2010,,020201,321196004.0,Morphine sulfate 10mg/5ml oral solution,28 tablet(s) - 50 mg
3173810,4,25/03/2015,k693.,12.03.05.02.00,,Diclofenac sodium 50mg gastro-resistant tablets,56 tab
9911614,1,11/05/2011,,04.03.04.00.00,,,168 tablets
3949855,1,02/06/2010,bxi2.,02.04.00.00.00,,Levothyroxine Sodium TABS 100MICROGRAMS,0.5ml
2759533,3,10/08/2009,,02.04.00.00.00,,GABAPENTIN caps 400mg,7 tablet
4802474,4,04/09/2013,,04.03.03.00.00,,Aspirin 75mg dispersible tablets,16.000
6715704,3,16/09/2015,dian.,02.12.06.00.00,,Colecalciferol 400unit / Calcium carbonate 1.25g chewable tablets,1 spray(s) - 50 micrograms/dose
4235920,1,30/03/2015,b211.,02.05.05.01.00,,Citalopram 10mg tablets,56 tablets - 50 mg
1120792,3,02/09/2009,bi32.,02.12.04.00.00,,Capasal Therapeutic shampoo (Dermal Laboratories Ltd),56 tablet - 75 mg
7049179,4,02/07/2007,ip3e.00,03.02.00.00.00,,Adcal-D3 chewable tablets tutti frutti (ProStrakan Ltd),28 tablet
9157817,3,15/06/2015,d713.00,,,amlodipine (as besilate) tablets 5mg,3 - ml
2013334,3,10/05/2013,dnbc.00,10.01.01.00.00,323021008.0,Amoxicillin 250mg capsules,21 tablet
9402479,3,09/04/2014,,13.04.03.00.00,,,112.000
8839273,3,07/09/2015,,05.01.13.00.00,,Omeprazole 10mg gastro-resistant capsules,56 tablet
8766522,1,15/10/2014,heE1.,01.04.02.00.00,,,30
739128,1,11/11/2008,,02.09.01.00.00,,Alendronic acid 70mg tablets,21 capsule
8766522,4,04/02/2013,,,,Beconase Aqueous 50micrograms/dose nasal spray (GlaxoSmithKline UK Ltd),2 packs of 125 gram(s)
5458687,3,16/07/2012,,,323021008.0,Ibuprofen 400mg tablets,56 cap
4217129,2,29/06/2006,,05.01.01.03.00,,,
2150003,3,20/12/2011,,01.03.01.00.00,,Levothyroxine Sodium TABS 100MICROGRAMS,56 tablet(s)
9157817,1,05/11/2010,,02.04.00.00.00,,Simvastatin 10mg tablets,56 tablet(s)
6456350,3,08/05/2014,,04.03.01.00.00,,,
2178682,1,02/03/2015,,,,Gabapentin 300mg capsules,
8908719,1,03/06/2016,,03.04.01.01.00,,Risperidone 3mg tablets,112 - tablet(s)
6339714,3,22/03/2011,,05.01.13.00.00,3151011000001104.0,,1 spray
8908719,1,10/10/2011,,,,Ibuprofen 400mg tablets,28 tablet(s)
2157140,3,03/11/2015,l8Dz.,,,Fluticasone furoate 27.5micrograms/dose nasal spray,56 capsules
9402479,3,17/09/2012,,,1.953850010000271e+17,Aspirin 75mg gastro-resistant tablets,4.000
8962092,3,07/04/2015,,,,ESTRAPAK 50,
3776111,3,15/11/2012,,02.08.02.00.00,,Dipyridamole 200mg modified-release capsules,
5226712,1,23/08/2010,ja18.00,13.04.01.00.00,,Amitriptyline 10mg tablets,56 tablets - 10 mg
8908719,3,30/08/2013,fe6i.,09.06.04.00.00,,Glyceryl trinitrate 400micrograms/dose pump sublingual spray,
5228091,3,29/10/2012,b211.00,09.06.04.00.00,,,4.000
9067009,4,30/06/2015,,,,Pregabalin 300mg capsules,56 capsule
2759533,1,28/11/2016,bxd2.,02.12.04.00.00,,,28 capsule - 1.25 mg
7339341,1,29/03/2016,,04.07.01.02.00,,Bendroflumethiazide TABS 2.5MG,60 tablet(s)
6207155,3,06/11/2012,,04.03.01.00.00,,Valsartan 80mg capsules,28.00 capsule(s)
6308334,1,10/12/2010,,02.04.00.00.00,,,
1894136,3,29/10/2007,,,,,1 pack of 30 tablet(s)
9496317,3,14/10/2011,,04.03.03.00.00,,Celecoxib 100mg capsules,200 dose
5384852,4,18/07/2014,,06.06.02.00.00,,Bisoprolol 5mg tablets,28 capsule
9067009,3,15/11/2010,bxd2.,09.04.04.02.00,,Balneum Plus cream (Almirall Ltd),2 packs of 28 tablet(s)
1015541,3,18/04/2011,ph77.,04.07.01.02.00,,Lisinopril 5mg tablets,180 dose
3555892,3,27/07/2011,,10.03.02.01.00,,,84.000
6394629,1,09/04/2015,,01.03.05.00.00,,Sodium cromoglicate 2% eye drops,
3665358,3,22/04/2009,dl71.00,07040250,,Mebeverine 200mg modified-release capsules,
9067009,3,18/05/2015,,02.09.01.00.00,,,56 tablet
8990555,3,23/05/2016,,02.05.05.01.00,,Codeine 30mg tablets,
2010565,1,09/12/2013,a6c3.,,,,21
7465829,4,27/02/2015,,,,Sulfasalazine 500mg gastro-resistant tablets,2 packs of 28 tablet(s)
4802474,4,03/05/2011,,94.05.12.00.00,317919004.0,Simvastatin 40mg tablets,10.000
2013334,4,03/07/2006,,,,Paracetamol 500mg tablets,300.000
5216158,3,17/09/2013,bd35.,07.04.05.00.00,,amlodipine (as besilate) tablets 5mg,56 - tablet
3765515,4,30/07/2012,,07.04.05.00.00,,Atorvastatin 80mg tablets,28 tablet
5157047,2,08/02/2016,,02.02.01.00.00,,Atorvastatin 20mg tablets,28 CAPSULE
4637932,2,12/05/2014,,,,Enalapril 5mg tablets,168 tablet(s)
739128,3,24/02/2014,ip...00,04.06.02.00.00,2.375850010000271e+17,,28 capsule(s) - 120 mg
3166964,3,22/02/2016,,020201,,Nuvelle tablets (Bayer Plc),56 tabs
3840609,4,24/09/2015,,,,Bisoprolol 2.5mg tablets,84 tablet(s)
7896160,3,05/11/2010,,02.04.00.00.00,,,28 capsule(s) - 10 mg
9911614,3,15/12/2015,,03.01.01.03.00,,Irbesartan 150mg tablets,120 - tablet(s)
9067009,3,22/05/2014,,06.02.01.00.00,,Omeprazole 20mg gastro-resistant capsules,
1120792,3,12/11/2015,,04070402,323021008.0,,8.000
4637932,3,01/06/2015,,12.02.01.00.00,,,3 x 28 tablet
2550137,3,07/05/2013,,01.03.05.00.00,,Paroxetine 20mg tablets,56
2572814,3,17/06/2013,,12.02.01.00.00,,,
9402479,4,14/09/2015,,06.02.01.00.00,,,28.00 capsule(s)
9787890,3,28/05/2013,,06.07.02.00.00,,Metformin 500mg tablets,28 tablet
9409190,2,15/01/2007,bu23.00,,,FELODIPINE mr tab 10mg,28 capsule(s) - 80 mg
5157047,3,15/11/2013,,10.01.01.00.00,,Ibuprofen 400mg tablets,
883996,1,01/12/2015,j2c2.,,,Aspirin 75mg tablets,
9911614,1,06/06/2016,,,,,56.000
739128,3,23/04/2013,a6b1.,,317416004.0,Losartan 100mg tablets,200 tablet
5286127,3,01/10/2013,ph7n.,0212000Y0AAADAD,327550006.0,Ferrous sulfate 200mg tablets,0.5 millilitres
9067009,3,22/01/2010,,,,Omeprazole 20mg gastro-resistant capsules,2*28 capsules - 200 mg
8086156,3,03/07/2006,b211.,06.04.02.00.00,,Folic acid 5mg tablets,56.000
8766522,3,13/02/2014,bxi5.,,,Mefenamic acid 500mg tablets,28 tablet
5226712,3,05/02/2014,j22p.00,04.03.03.00.00,,Omeprazole 20mg gastro-resistant capsules,1 pack of 100 gram(s)
2572814,3,10/03/2009,,13.02.01.02.00,,Perindopril erbumine 4mg tablets,30 - gram(s)
1003424,2,10/02/2010,,,,Folic acid 5mg tablets,56
1120792,3,27/05/2011,,,,Calcipotriol 50micrograms/ml scalp solution,14.000
4356390,2,21/07/2016,,06.02.01.00.00,,Atenolol 25mg tablets,120 ml - 50 micrograms/ml
1120792,4,06/06/2016,,,,Levothyroxine sodium 25microgram tablets,2 OP
8086156,4,10/02/2010,da91.00,06.02.01.00.00,,Venlafaxine 225mg modified-release tablets,28 tablets - 20 mg
2146330,3,04/03/2015,gddz.,04.03.01.00.00,,Terbinafine 1% cream,84 tablets
7896160,3,16/01/2013,l887.,,,Lactulose 3.1-3.7g/5ml oral solution,
8184997,3,07/03/2016,,10.01.04.03.00,,Lansoprazole 30mg gastro-resistant capsules,2*28 tablet
9911614,4,04/09/2013,,,,Priadel 200mg modified-release tablets (Sanofi),56.000
4802474,1,16/02/2015,scGc.,,,,28 tablets
5216158,3,11/11/2013,j2c2.,03.01.01.04.00,,Colecalciferol 200unit / Calcium carbonate 750mg tablets,
5226712,3,26/11/2012,,02.04.00.00.00,,Vitamin B compound strong tablets,
2178682,4,23/08/2010,,04.03.01.00.00,,Lansoprazole 30mg gastro-resistant capsules,1.000
15725,4,06/02/2012,dnj2.00,02.09.01.00.00,,Volumatic (GlaxoSmithKline UK Ltd),84 - tablet(s)
4356390,3,30/06/2015,,13.06.02.01.00,,Ramipril 1.25mg capsules,28 tablet(s) - 75 mg
5157047,3,09/05/2016,,02.06.01.01.00,2940411000001108.0,,
4356390,1,20/04/2015,,02.05.05.01.00,,Nitrofurantoin 100mg modified-release capsules,2.000
2759533,4,02/12/2008,a6b1.,,,Doxazosin 4mg tablets,42 tablet(s)
2013334,3,18/08/2014,,,,Paracetamol 500mg capsules,2 OP
8018365,3,19/08/2015,,10.01.04.01.00,,Isosorbide mononitrate 20mg tablets,2 millilitres
2146330,3,15/10/2015,dia6.00,02.04.00.00.00,,Co-codamol 8mg/500mg tablets,56.000
4356390,3,22/10/2012,,12.02.01.00.00,321987003.0,Omeprazole 20mg gastro-resistant capsules,28.000
4356390,3,25/07/2011,,02.09.01.00.00,,Chloramphenicol 0.5% eye drops,28 tablets
5157047,4,23/03/2016,,07.03.01.00.00,,Flomaxtra XL 400microgram tablets (Astellas Pharma Ltd),56 TABLET(S)
1120792,3,31/07/2014,,12.02.01.00.00,,Paracetamol 500mg tablets,100.000
1003424,3,02/10/2007,,,7374311000001101.0,Omeprazole 20mg gastro-resistant capsules,
2091007,3,17/07/2006,,02.04.00.00.00,,Amlodipine 10mg tablets,24
9402479,4,10/02/2010,,02.08.02.00.00,,EVOREL -50 patch 50mcg/24 hours (3.2mg/unit) [JANSSEN],
7896160,3,04/11/2015,,11.04.01.00.00,,E45 cream (Forum Health Products Ltd),100 tablet(s)
1120792,1,20/08/2008,dibD.00,02.05.05.01.00,,Dipyridamole 200mg modified-release capsules,60.000
6648693,3,13/10/2015,,1302011M0BDABAB,,Ramipril 2.5mg capsules,60 capsules
7602676,4,10/12/2010,,,,Losartan 50mg tablets,28.00 tablet(s)
6648693,3,13/12/2010,,02.05.05.02.00,,,
2572814,3,07/01/2015,,,,Amitriptyline 50mg tablets,50 strips
1829771,3,10/04/2014,,10.01.01.00.00,,Omeprazole  Capsules (Gastro-Resistant)  20 mg,100 capsule(s)
2759533,3,28/09/2011,b211.00,,,,28 tablets - 10 mg
5216158,3,29/07/2014,,02.12.04.00.00,326874007.0,Bisoprolol 2.5mg tablets,200 tablet
2013334,3,21/03/2012,,,,Simvastatin 40mg tablets,56 tab
2759533,3,14/08/2013,,,325443009.0,CO-CODAMOL caps 30mg + 500mg,84 cap
5750977,1,24/08/2006,,02.04.00.00.00,,Levothyroxine sodium 25microgram tablets,7 tablet - 75 mg
5226712,3,24/07/2014,,,,FOLIC ACID tabs 5mg,112 capsule(s)
5226712,3,04/01/2016,,06.01.02.01.00,,Fluoxetine 20mg capsules,4 packs of 30 capsule(s)
739128,3,09/10/2012,,02.02.01.00.00,,Ventolin 100micrograms/dose Evohaler (GlaxoSmithKline UK Ltd),
3173810,3,01/07/2014,blc2.00,04.03.04.00.00,,Atenolol 50mg tablets,28 tablet
1947461,3,11/04/2012,,02.12.04.00.00,,Clopidogrel 75mg tablets,4.000
9157817,3,29/12/2005,a6c3.,02.02.01.00.00,,Diazepam 5mg tablets,100.000
9067009,3,03/06/2015,,02.04.00.00.00,,ATENOLOL tabs 100mg,7 tablets
6207155,3,18/10/2011,,02.04.00.00.00,,Losartan 50mg tablets,
4356390,3,02/11/2005,,04.07.01.02.00,,,28 capsules
7465829,3,04/08/2015,,0704050Z0AAACAC,,Clarithromycin 500mg tablets,
2759533,3,18/12/2014,,09.06.04.00.00,,,56.000
9787890,4,09/09/2008,,,,SILDENAFIL SLS TABLETS 100MG,2 packs of 28 tablet(s)
9409190,3,25/04/2014,,05.02.05.00.00,,Atenolol 25mg tablets,2 packs of 28 tablet(s)
7339341,3,10/12/2014,,,,,4.000
6207155,4,12/10/2011,,02.06.02.00.00,,AeroChamber Plus (GlaxoSmithKline UK Ltd),2 packs of 28 tablet(s)
1894136,1,28/04/2011,,,,Levothyroxine sodium 100microgram tablets,
4356390,3,27/05/2014,,06.04.01.01.00,,,28 tablets
9402479,3,12/06/2006,,13.05.02.01.00,,Amlodipine 5mg tablets,56 - tablet(s)
2553559,3,02/12/2013,ip3b.00,,,Dosulepin 25mg capsules,112 tablet(s)
2759533,3,03/01/2014,djzk.00,100101,,SODIUM VALPROATE + VALPROIC ACID mr tab 200mg,40 tablet
8184997,4,07/07/2009,,,,Tamoxifen 20mg tablets,56 CAPSULE
6394629,4,24/02/2015,,02.05.05.01.00,,Solifenacin 5mg tablets,28 capsule
2342614,3,13/05/2014,,02.06.02.00.00,,LACRI-LUBE eye oint,56.000
1947461,3,29/08/2012,,12.02.01.00.00,,Peak flow meter standard range,28 tablet
4356390,2,23/05/2008,,,,,56 tab
15725,1,11/05/2015,,,,,28 tablet
5216158,3,07/12/2015,,06.02.01.00.00,,,112 tablets
739128,3,11/01/2008,,04.07.02.00.00,,Bendroflumethiazide 2.5mg tablets,1700.000
2572814,4,15/07/2013,,02.04.00.00.00,321987003.0,,56 tablets
9787890,4,07/04/2015,,01.04.02.00.00,,,60 tablets
5286127,2,24/06/2016,,10.01.01.00.00,,FELODIPINE mr tab 10mg,30 tablet
2178682,3,07/02/2011,,10.01.01.00.00,,Betamethasone valerate 0.1% cream,30 cap
2574263,3,15/07/2013,,02.06.01.01.00,,Betahistine 8mg tablets,4 x10 mls
4356390,3,24/02/2010,,,,Ketoprofen 100mg capsules,
2146330,3,15/01/2014,ph88.,,,CO-CODAMOL EFFERVESC TAB,200
1120792,1,08/04/2015,d1d1.,02.03.02.03.00,,Levothyroxine sodium 50microgram tablets,28 capsule - 5 mg
2553559,3,26/04/2012,,,,Paracetamol 500mg tablets,500 ml
8086156,4,09/12/2013,bl8i.,,,Risedronate sodium 35mg tablets,28 tablet
5226712,3,17/01/2012,,02.09.01.00.00,,,
8990555,3,14/11/2007,a6b1.,,,Propranolol 80mg modified-release capsules,0.5 ml
4356390,4,19/04/2010,ph7W.,,,Lansoprazole 15mg gastro-resistant capsules,60.000
6339714,3,10/07/2012,bdfy.,02.05.05.01.00,,Peak flow meter standard range,250
4837869,3,03/12/2012,,07.04.02.00.00,,Warfarin 3mg tablets,28.000
5226712,4,26/08/2014,,02.05.05.01.00,,,224 capsule(s)
9402479,3,18/06/2013,,10.01.03.06.00,,,7.000
1120792,3,19/10/2015,,13.06.02.01.00,,Doxazosin 8mg modified-release tablets,112 cap
1829771,3,17/07/2013,f724.,11.03.01.00.00,,CHLORAMPHENICOL eye drp 0.5%,
2178682,3,06/10/2015,,10.01.01.00.00,,,1 pack of 112 tablet(s)
6648693,4,01/04/2015,,,,CELECOXIB caps 100mg,
9067009,3,11/11/2009,dibD.00,,,Codeine 30mg tablets,1 spray(s)
9409190,3,11/09/2013,,,,,56 tablet
6081782,3,09/03/2016,,02.05.04.00.00,,ADCAL -D3 chewable tab,200.000
7667876,3,09/01/2014,,,,Amlodipine 5mg tablets,84 tablet(s)
7465829,3,05/03/2014,,94.04.00.00.00,,Felodipine 10mg modified-release tablets,250 ml
2150003,1,18/04/2006,,03.02.00.00.00,,Atenolol 25mg tablets,84 tablet(s) - 135 mg
4356390,3,17/11/2009,,06.02.01.00.00,,Capasal Therapeutic shampoo (Dermal Laboratories Ltd),56.000
8766522,4,10/04/2014,,10.01.01.00.00,,Anastrozole 1mg tablets,28 tab
7465829,1,01/12/2015,,04.03.03.00.00,,Warfarin Sodium  Tablets  1 mg,
2091007,3,15/03/2012,,01.06.01.00.00,,Amitriptyline 10mg tablets,56.000
1436348,4,10/04/2007,b211.,06.01.02.02.00,330202001.0,,56 tablet(s)
4637932,3,11/09/2015,,07.02.01.00.00,,Voltarol 1.16% Emulgel (Novartis Consumer Health UK Ltd),2 spray(s) - 50 micrograms/dose
7896160,1,13/01/2012,,,,Tenoretic 100mg/25mg tablets (AstraZeneca UK Ltd),56 tablet(s)
5226712,2,14/06/2016,,01.04.02.00.00,,Calcipotriol 50micrograms/g cream,56.000
4356390,3,11/05/2009,,02.12.04.00.00,,METHOTREXATE tabs 2.5mg,56 tablet(s) - 4 mg
15725,3,08/04/2013,j22e.,,,Lacri-lube eye ointment (Allergan Ltd),
6699668,3,15/11/2012,,1304000V0AAADAD,,Atenolol 50mg tablets,1 x30 gram(s)
3166964,4,24/06/2014,,06.07.02.00.00,,,90 tablet(s)
1120792,3,02/07/2012,,10.01.01.00.00,,Warfarin 1mg tablets,28 tab
9409190,4,20/08/2012,,,,Atorvastatin 20mg tablets,8 tablet
3840609,3,08/10/2008,,0103010T0AAAAAA,,Risperidone 2mg tablets,56 - capsule(s)
6699668,1,17/02/2014,,02.09.01.00.00,322366004.0,Levothyroxine sodium 25microgram tablets,200.000
1120792,4,08/07/2014,,,,Folic acid 5mg tablets,5.000
7339341,3,12/05/2014,gh52.,,,,3 packs of 28 tablet(s)
2102958,3,21/04/2015,c13v.,,,Atorvastatin 40mg tablets,56 tabs
4356390,4,24/10/2013,,12.01.03.00.00,,Prednisolone 1mg tablets,28.000
5226712,3,14/09/2011,,04070100,,Levothyroxine sodium 50microgram tablets,200 tab
6207155,3,26/03/2015,a6b1.,,,Co-amoxiclav 250mg/125mg tablets,
3794152,3,25/06/2015,,06.04.01.01.00,,,28.000
8839273,3,18/10/2011,,,,Atorvastatin 40mg tablets,28 tablets
8990555,2,11/11/2008,,,,Bisoprolol Fumarate  Tablets  5 mg,28.000
3765515,3,18/04/2006,,11.08.01.00.00,,Doxycycline 100mg capsules,56 cap
2759533,3,21/10/2008,,10.01.01.00.00,,Mebeverine 135mg tablets,112 tablets
3776111,4,05/07/2010,,,,Aqueous cream,56 tablets
9787890,3,16/01/2013,,,,Fostair 100micrograms/dose / 6micrograms/dose inhaler (Chiesi Ltd),2*1 inhaler
3665358,3,26/02/2016,k8i1.,06.02.01.00.00,,Naproxen 500mg gastro-resistant tablets,56 tabs
4356390,2,24/09/2015,bi32.,,,Enalapril 10mg tablets,
8184997,3,08/12/2014,,04.06.03.00.00,,Levothyroxine Sodium  Tablets  100 micrograms,
6699668,1,20/07/2015,gdA5.,04.03.03.00.00,,,10
9402479,2,30/12/2013,,02.12.04.00.00,318407001.0,Levothyroxine sodium 100microgram tablets,1 pack of 100 capsule(s)
7339341,3,18/09/2014,,09.06.04.00.00,,Noriday 350microgram tablets (Pfizer Ltd),
5216158,3,10/09/2007,d712.,,,Aspirin 75mg dispersible tablets,56 capsule - 20 mg
4356390,4,21/04/2010,,02.12.04.00.00,,Fentanyl 12micrograms/hour transdermal patches,56 tablet(s) - 50 micrograms
7124098,3,02/02/2015,dy12.,02.12.04.00.00,,Elleste Solo 1mg tablets (Meda Pharmaceuticals Ltd),100 tablet
5056803,1,20/04/2010,,04.03.03.00.00,326874007.0,Amlodipine 10mg tablets,56 tablet
6699668,4,07/08/2014,,,,,28.000
3173810,1,15/07/2014,,02.04.00.00.00,,Codeine 30mg tablets,100.000
739128,3,12/08/2014,,04.03.04.00.00,,Peri-Prep wipes 840001 (Salts Healthcare),
2553559,3,07/05/2014,,10.01.04.03.00,,Nasonex 50micrograms/dose nasal spray (Merck Sharp & Dohme Ltd),2 packs of 28 tablet(s)
4356390,3,06/02/2015,fe6h.00,,,Aspirin 75mg dispersible tablets,28.000
5226712,3,31/08/2010,ftez.00,,,,4.000
1120792,3,15/02/2016,,04.07.02.00.00,319773006.0,Aspirin 75mg dispersible tablets,7 tablet - 10 mg
9157817,1,09/05/2007,,02.04.00.00.00,,Atorvastatin 40mg tablets,
2553559,3,04/01/2016,ja18.00,01.06.04.00.00,318906001.0,Lisinopril 10mg tablets,112 tablets
1015541,3,22/05/2014,fe6i.00,06.02.01.00.00,,GABAPENTIN caps 300mg,28 cap
2010565,3,16/06/2014,bi67.,03.03.02.00.00,,Hydroxocobalamin 1mg/1ml solution for injection ampoules,20 tabs
4637932,3,05/11/2015,,,,Ibuprofen 400mg tablets,28 tablet
3173810,3,03/03/2014,,01.04.02.00.00,,Lansoprazole 30mg gastro-resistant capsules,60 capsule - 2 mg
5226712,4,06/02/2012,ft8z.,04.03.01.00.00,,Ibuprofen 400mg tablets,
2759533,3,25/11/2013,,02.12.04.00.00,,Amitriptyline 10mg tablets,4.000
9911614,3,06/06/2011,,13.09.01.00.00,,,28 tablet(s)
5384852,3,09/09/2011,,13.06.02.01.00,,Amlodipine 10mg tablets,56.000
2013334,1,13/01/2014,,,,Cyclizine 50mg tablets,1xop - 50 micrograms/dose
169103,3,14/11/2014,d711.00,02.05.05.02.00,,,2 packs of 28 tablet(s)
6207155,1,26/02/2016,,10.03.02.01.00,,Monomil XL 60mg tablets (Teva UK Ltd),2 packs of 30 capsule(s)
6081782,3,24/09/2013,,05.01.01.02.00,,Megestrol 40mg tablets,28.000
5226712,4,29/03/2016,dnbr.00,10.03.02.01.00,329367009.0,Simvastatin 40mg tablets,56
4356390,3,16/10/2013,,,319288002.0,Co-proxamol 32.5mg/325mg tablets,28.000
3173810,2,21/04/2011,f923.,01.03.05.00.00,,Amitriptyline 25mg tablets,500.000
3776111,2,10/06/2013,o441.00,02.12.04.00.00,,Levothyroxine sodium 50microgram tablets,1 pack of 28 tablet(s)
5226712,3,09/11/2015,,,,,28 tablets
2912072,1,09/09/2013,,02.05.05.02.00,,Piroxicam 0.5% gel,30 tablet
5750977,3,27/01/2015,,02.04.00.00.00,325443009.0,AMITRIPTYLINE HCl tabs 50mg,28 tablets
9911614,1,27/04/2011,,08.01.03.00.00,,Sildenafil Sls TABS 50MG,1 pack of 28 capsule(s)
8018365,4,21/04/2009,f923.00,07.02.01.00.00,,INFLUENZA INACTIVATED SPLIT VIRION vaccine [SAN PAST],28.000
1947461,1,06/01/2015,,,,,200.000
6339714,4,18/01/2010,,01.03.05.00.00,,Aspirin 75mg gastro-resistant tablets,
6339714,3,29/07/2013,,02.02.01.00.00,,Naproxen 500mg gastro-resistant tablets,200 unit
9157817,3,11/05/2015,,01.04.02.00.00,,Famotidine 40mg tablets,
8184997,3,18/02/2011,,02.04.00.00.00,,IRBESARTAN + HYDROCHLOROTHIAZIDE tabs 300mg + 12.5mg,
6699668,2,19/11/2010,,0103050P0AAAFAF,,Ranitidine 150mg tablets,1 - 200 dose inhaler
883996,3,20/12/2011,bu2c.,,,Citalopram 20mg tablets,8 tab
3765515,3,27/08/2009,,,,Olanzapine 10mg oral lyophilisates sugar free,200 tablet
7667876,1,14/09/2015,,11.06.02.00.00,1.8109911000001108e+16,,80 tablet(s)
8379628,2,03/09/2012,,02.05.05.01.00,,Levothyroxine sodium 25microgram tablets,
9157817,1,21/05/2012,,02.04.00.00.00,,,7 tablets
3776111,3,19/06/2008,blb2.00,02.09.01.00.00,,Ramipril 10mg capsules,56.000
8839273,3,04/07/2011,,02.12.04.00.00,,Carbamazepine 200mg tablets,60 gram
7049179,1,03/09/2010,ph7W.,02.09.01.00.00,,Amoxicillin 500mg capsules,84 tablet(s)
2572814,4,14/03/2016,,02.06.02.00.00,319288002.0,,
3765515,4,19/08/2009,,,,,100 tablet(s)
3840609,3,26/02/2008,bu25.00,,,Mebeverine 135mg tablets,168.000
3173810,3,18/10/2013,,,,Terazosin 2mg tablets,1 pack of 84 tablet(s)
3949855,3,04/12/2015,,1302011L0BBAAAA,,Naproxen 500mg tablets,21 capsules
2178682,3,12/06/2006,da91.00,11.08.01.00.00,,OMEPRAZOLE CAPSULES 10MG,28 capsule
5056803,3,21/03/2014,gdA2.,,,Aspirin 75mg dispersible tablets,
7896160,1,09/02/2015,dia6.,04.03.01.00.00,,Calcipotriol 50micrograms/ml scalp solution,
4802474,3,09/07/2015,,13.02.01.01.00,,Chlorphenamine 4mg tablets,1 pack of 28 capsule(s)
15725,3,16/01/2013,,13.09.01.00.00,,Glyceryl trinitrate 400micrograms/dose aerosol sublingual spray,7 tablet
4637932,3,14/08/2012,,,318902004.0,Morphine sulfate 10mg/5ml oral solution,56 tablets
7896160,3,28/11/2012,b212.,02.05.05.02.00,134599008.0,Nicardipine 30mg modified-release capsules,28.000
5228091,3,06/08/2015,b211.00,,,Levothyroxine sodium 50microgram tablets,60 tablet
4356390,1,04/12/2012,,04.07.01.02.00,,Gliclazide 80mg tablets,7 tablet
2178682,3,22/08/2013,,,,Levothyroxine sodium 25microgram tablets,10 gram
9402479,4,25/07/2011,,,,Tibolone 2.5mg tablets,28 tablets
2572814,3,10/08/2010,d713.00,,,Amlodipine 5mg tablets,100 tablet(s)
9402479,2,10/11/2010,,12.02.01.00.00,,Atenolol 25mg tablets,56.000
7896160,3,10/04/2007,,04.06.03.00.00,,Paroxetine 20mg tablets,1 OP
5286127,3,08/04/2014,bdf1.,,,Xipamide 20mg tablets,28 tablet
3894871,4,12/08/2013,,03.04.01.01.00,320000009.0,Bendroflumethiazide TABS 2.5MG,28 capsule
2013334,4,16/01/2013,,13.09.01.00.00,,Co-codamol 15mg/500mg tablets,1 pack of 30 tablet(s)
9157817,3,24/10/2007,,02.12.04.00.00,,,28 tablet
6339714,3,02/06/2010,,,,Simvastatin 20mg tablets,10.000
9787890,4,09/03/2016,,01.03.05.00.00,,Amoxicillin 500mg capsules,112 tablet(s) - 500 mg
2572814,3,23/08/2010,,,,Glutafin gluten free tea biscuits (Dr Schar UK Ltd),56 tablet
9402479,3,18/04/2011,,,3154411000001105.0,Atenolol 100mg tablets,28 tablets
2759533,3,12/11/2015,,,,Buprenorphine  Transdermal patches  10 micrograms/hour,
5157047,3,17/05/2010,,02.06.01.02.00,,Perindopril erbumine 2mg tablets,200 ml
2572814,1,16/12/2010,,04.07.01.02.00,,Metformin 500mg tablets,56.000
5226712,3,11/03/2009,a6b1.,01.02.02.00.00,321959007.0,Triptorelin Acetate  Powder and solvent for injection  15 mg vial (11.25 mg Triptorelin),56 tablet
6339714,2,08/05/2014,,,,,1 pack of 30 gram(s)
739128,1,15/01/2013,,02.06.02.00.00,,Levothyroxine sodium 50microgram tablets,100 gram
8990555,3,01/09/2015,,,,Amoxicillin 250mg capsules,56.000
2550137,3,12/06/2015,,0407010F0AAAHAH,,Hydroxychloroquine 200mg tablets,14 capsules
9787890,3,09/01/2012,,03.04.01.01.00,,Ramipril 10mg capsules,30 millilitres
5216158,4,12/03/2010,,02.05.05.01.00,,,56.000
5216158,3,21/12/2015,puh1.,,,Warfarin 5mg tablets,56.000
5226712,4,20/10/2015,,06.02.01.00.00,,Estracombi TTS patches (Novartis Pharmaceuticals UK Ltd),
7339341,3,31/05/2012,bk72.00,01.03.05.00.00,319288002.0,Paracetamol 500mg tablets,28 tablet(s) - 25 mg
6648693,1,21/11/2007,,,,Bisoprolol 10mg tablets,
4972784,1,01/12/2008,,,,Omeprazole 10mg gastro-resistant capsules,500 ml
2572814,3,30/12/2015,,0206020C0BIACAW,,Duloxetine 30mg gastro-resistant capsules,28 tablet(s)
5226712,1,20/06/2006,ecc2.,12.02.01.00.00,,Chlorphenamine 4mg tablets,
2759533,3,22/02/2013,,02.02.01.00.00,4074911000001106.0,Omeprazole 20mg gastro-resistant capsules,30 g
4972784,3,17/08/2009,,0604012P0BBAAAA,,clotrimazole with hydrocortisone cream 1% + 1%,30 capsule(s) - 50 mg
1120792,3,06/06/2008,dia6.,,,Fenofibrate micronised 267mg capsules,56.000
6648693,3,22/01/2010,,09.01.01.01.00,,Fluticasone 125micrograms/dose / Salmeterol 25micrograms/dose inhaler CFC free,100 tablets
7896160,1,18/06/2012,h341.00,02.08.02.00.00,,,1 pack of 30 tablet(s)
5216158,3,15/07/2014,a6b1.,,,Simvastatin 20mg tablets,56.000
6125701,3,27/05/2016,,02.04.00.00.00,,Atenolol 50mg tablets,50 tabs
8086156,2,12/05/2015,,,,,28.000
2150003,3,14/07/2014,,05.01.01.03.00,,Omeprazole 20mg gastro-resistant capsules,100 lancet
4837869,3,24/10/2007,,02.12.04.00.00,134599008.0,,6 tablet
3173810,2,02/08/2013,f724.,02.04.00.00.00,,Losartan 50mg tablets,
3894871,1,16/12/2014,fo4y.00,,,Aspirin 75mg dispersible tablets,56 capsule
6308334,3,03/12/2010,bk53.00,06.02.01.00.00,,Premique Low Dose 0.3mg/1.5mg modified-release tablets (Pfizer Ltd),56.000
2553559,3,18/09/2007,,,,Celecoxib 100mg capsules,100 g
8990555,3,19/04/2011,,10.01.04.01.00,,Amoxicillin 250mg capsules,90 tab
2553559,3,25/08/2011,,12.02.01.00.00,,Felodipine 10mg modified-release tablets,200
2759533,3,29/09/2010,,01.04.02.00.00,,Simvastatin 40mg tablets,60 capsule
3776111,3,10/09/2012,dl71.00,04.07.01.02.00,,,60.000
9787890,3,17/01/2011,,02.05.01.00.00,,Salbutamol 100micrograms/dose inhaler CFC free,56 TABLET(S)
8766522,3,18/11/2014,dibD.00,02.12.04.00.00,,Bendroflumethiazide 2.5mg tablets,28.000
1120792,3,15/05/2015,c8o1.,01.03.05.00.00,,,140 dose
7339341,3,07/06/2012,bdfw.00,10.01.03.06.00,,Senna 7.5mg tablets,28 tablet
4356390,3,02/12/2008,,,,Nefopam 30mg tablets,1700.000
3949855,3,17/09/2015,j22y.,,,Atorvastatin 40mg tablets,
6207155,3,23/01/2008,b211.,,,Trimethoprim 200mg tablets,28 capsule(s) - 15 mg
2146330,3,05/12/2007,,,,PRIMOLUT N TABLETS 5MG,1 pre-filled disposable injection
2150003,2,18/04/2008,dia2.,,,Levothyroxine sodium 100microgram tablets,60 tablets - 250 mg
4356390,1,22/09/2011,,06.01.02.02.00,,,100.000
3840609,3,04/06/2010,fh1G.00,05.01.01.03.00,,GABAPENTIN caps 400mg,1.000
1003424,3,18/09/2014,,10.03.02.01.00,,Fucibet cream (LEO Pharma),
7049179,3,13/12/2013,,,,Simvastatin 80mg tablets,80 tablet(s)
3794152,3,03/06/2014,,02.06.02.00.00,,Simvastatin 20mg tablets,84 tablet(s) - 135 mg
4356390,3,17/10/2011,,,,,60 tablet
5786693,3,16/06/2014,,,,Levothyroxine sodium 50microgram tablets,56 tabs
2553559,3,05/01/2015,,06.02.01.00.00,415162000.0,Ramipril 10mg capsules,56 capsules
2990128,1,20/12/2010,da91.00,02.06.01.01.00,,IBUPROFEN TABLETS 400MG,56 tablet(s) - 2.5 mg
9787890,3,18/10/2011,,,,Bendroflumethiazide 2.5mg tablets,
3840609,2,20/12/2011,,04.07.01.02.00,,Perindopril erbumine 4mg tablets,56.000
2572814,2,19/01/2010,,,,Folic acid 400microgram tablets,84 tab
2572814,3,21/12/2015,,02.05.02.00.00,,Warfarin 3mg tablets,8 tab
2013334,3,02/04/2013,,10.01.01.00.00,,,28 tablet
7049179,3,17/05/2006,di21.00,,,Omeprazole 20mg gastro-resistant capsules,168 tablets
1120792,3,25/03/2015,,10.01.01.00.00,,ASPIRIN disp tab 75mg,
4356390,3,07/10/2013,,02.09.02.00.00,,Kliovance tablets (Novo Nordisk Ltd),4 tablets
8839273,3,15/04/2016,,04.03.01.00.00,,Octasa 400mg MR gastro-resistant tablets (Tillotts Pharma Ltd),28 tablets
739128,3,26/08/2014,,04.08.01.05.00,,Xipamide 20mg tablets,168
2553559,3,15/11/2012,ka83.,,,Atenolol 100mg tablets,56 tablet - 75 mg
3949855,3,17/06/2014,,02.04.00.00.00,,Bendroflumethiazide 2.5mg tablets,120 dose
2091007,4,30/01/2012,,02.04.00.00.00,,Oxytetracycline 250mg tablets,28.000
3776111,3,24/11/2014,,02.02.02.00.00,,,100 gram
2150003,3,04/02/2015,,02.06.02.00.00,,Xipamide 20mg tablets,
2572814,3,09/11/2011,,,329367009.0,,1 pack of 28 tablet(s)
7896160,3,31/05/2012,,02.05.05.02.00,,Allopurinol 100mg tablets,6.000
5226712,3,10/09/2013,,,,Bisoprolol 1.25mg tablets,100 tablet(s)
8908719,3,25/08/2011,ip3j.00,,,betamethasone sodium phosphate ear drops 0.1%,
9787890,3,22/07/2013,,02.02.01.00.00,,Paracetamol 500mg tablets,14 tablet
1894136,3,21/11/2003,,10.01.01.00.00,,Aspirin 75mg dispersible tablets,28 tablet
6339714,3,07/11/2008,j2c2.,02.05.05.01.00,,Atorvastatin 10mg tablets,28.00 tablet(s)
2572814,3,25/11/2013,,04.07.01.02.00,,Finasteride 5mg tablets,56 cap
739128,3,17/04/2014,,06.01.02.02.00,,,56.000
2342614,3,10/11/2014,,,,SOLPADOL EFFERVESCEN TAB,1 pack of 21 capsule(s)
2150003,3,16/07/2012,,,,Codeine 30mg tablets,
1947461,3,12/11/2013,a6c2.,,,Cetirizine 10mg tablets,500.000
9787890,4,09/11/2015,bu23.,,,,100 strip(s)
4356390,3,14/03/2013,,03.04.01.01.00,,Atenolol 25mg tablets,112.000
4356390,4,28/06/2013,ip3e.00,04.07.02.00.00,,Lansoprazole 30mg gastro-resistant capsules,56
4802474,3,15/04/2014,,06.02.01.00.00,,,100 TABLET(S)
7715319,3,28/06/2013,bxi1.,01.03.05.00.00,,Gliclazide 80mg tablets (A A H Pharmaceuticals Ltd),56 tablet
2553559,3,12/01/2015,,09.06.04.00.00,,,28.000
5157047,4,19/06/2008,,11.08.01.00.00,321959007.0,,28 tablets - 25 mg
5226712,4,03/02/2014,,,415166002.0,"Influenza vaccine (split virion, inactivated) suspension for injection 0.5ml pre-filled syringes",120 tablets
3776111,3,23/11/2006,,02.04.00.00.00,,Dihydrocodeine 30mg tablets,
8018365,3,11/01/2010,,04.07.01.02.00,,MEPTAZINOL tabs 200mg,28.000
7465829,3,11/03/2009,jA2z.00,10.01.04.01.00,,Celecoxib 200mg capsules,100
6207155,2,12/11/2013,,01.02.02.00.00,,Prothiaden 25mg capsules (Teofarma),28 cap
7339341,3,03/11/2009,,0302,489711000001100.0,Eprosartan 400mg tablets,28 tablet
5216158,1,26/02/2008,,06.02.01.00.00,,Pizotifen 1.5mg tablets,
883996,3,19/08/2015,,07.04.02.00.00,,Omeprazole 10mg gastro-resistant capsules,10.000
4356390,3,23/10/2013,,06.02.01.00.00,,Methotrexate TABS 10MG,
3166964,3,08/02/2016,,,,Anusol HC ointment (McNeil Products Ltd),28.000
8908719,4,06/10/2015,,,679511000001100.0,Co-codamol 30mg/500mg tablets,200 tablets
7667876,3,06/01/2015,,,,Folic acid 5mg tablets,
6648693,3,28/09/2011,jA1w.00,01.03.01.00.00,323015009.0,Doxycycline 100mg capsules,
9157817,3,14/03/2011,ka2y.00,,,,8.000
8990555,1,19/03/2010,,02.09.01.00.00,,,28 tablet
6207155,3,14/10/2011,,02.05.05.01.00,,Oxybutynin 2.5mg tablets,20 capsule(s)
8379628,2,09/11/2009,,02.06.02.00.00,,Dermovate 0.05% cream (GlaxoSmithKline UK Ltd),28 tablet
3949855,2,06/10/2015,,05.01.01.03.00,,,28.000
5157047,3,05/11/2012,i151.,04.07.01.02.00,,Ramipril 5mg capsules,30.000
9067009,3,14/06/2016,,04.02.03.04.00,,Aspirin 75mg dispersible tablets,112 grams
9409190,3,15/11/2012,blb1.,02.12.04.00.00,,Prednisolone 5mg gastro-resistant tablets,112 tablets
3765515,3,16/02/2010,,13.09.01.00.00,321745007.0,,7 tablet
1829771,2,09/12/2013,gdA6.,,3154411000001105.0,Omeprazole 20mg gastro-resistant capsules,56 tablets
2178682,4,13/02/2013,,10.03.02.01.00,,Venlafaxine 150mg modified-release capsules,28 tablets
8018365,3,09/05/2016,,,,Amlodipine 5mg tablets,
4356390,3,06/05/2016,,02.12.04.00.00,,Simvastatin 20mg tablets,56 tablets
4356390,2,09/08/2010,,02120400,,Amitriptyline 10mg tablets,
5056803,3,11/03/2013,,02.02.01.00.00,,FENACTOL ec tab 50mg,30 g
3840609,1,01/03/2010,,02.09.01.00.00,331080007.0,Alendronic acid 70mg tablets,28 tablet - 2.5 mg
6459511,3,10/08/2010,,12.01.01.02.00,3154411000001105.0,Diclofenac sodium 50mg gastro-resistant tablets,56 tablets
9067009,3,09/05/2012,,,,OMEPRAZOLE CAPSULES 20MG,20 millilitre
739128,1,27/10/2014,,02.05.05.02.00,,Simvastatin 20mg tablets,120 tabs
3665358,3,04/03/2015,,,,,56 tablets
5226712,3,09/06/2014,,01.02.02.00.00,,,
9067009,3,17/01/2012,,02.12.04.00.00,1.1930411000001104e+16,,84 tablet - 8 mg
1829771,3,19/01/2016,f73..,,,GABAPENTIN caps 300mg,28.000
9409190,3,10/09/2010,,04.02.01.00.00,,Lactulose 3.1-3.7g/5ml oral solution,8.000
8766522,3,18/12/2014,bu23.00,,,,
2146330,1,02/02/2015,ab2A.,,,,2 packs of 84 tablet(s)
6125701,3,10/12/2013,,,,,60 tablets
9787890,3,31/07/2015,bxd2.,06.01.02.02.00,,,1 x1 0.5ml pre-fill
3765515,3,16/05/2016,,09.04.04.02.00,,,60.000
3949855,3,07/10/2014,bu23.00,,,Glucosamine sulfate 500mg / Chondroitin 400mg tablets,2*28 tablet - 10 mg
7049179,3,12/03/2010,,06.02.01.00.00,,Paracetamol 500mg tablets,112
4356390,4,07/05/2015,puhl.,09.06.02.00.00,,Laxido Orange oral powder sachets sugar free (Galen Ltd),28 tablet
3840609,1,14/07/2009,,,,OxyContin 5mg modified-release tablets (Napp Pharmaceutic...,1700.000
15725,3,18/01/2010,,02.12.04.00.00,,Piroxicam 20mg capsules,8 tab
5286127,3,19/06/2014,,,,Folic acid 5mg tablets,
5286127,1,31/07/2017,,06.07.02.00.00,,,
8839273,3,09/06/2006,,,,Methotrexate 2.5mg tablets,4.000
9067009,3,15/11/2010,,06.02.01.00.00,,glyceryl trinitrate spray 400micrograms/dose,56 tablets
3665358,4,22/06/2015,,02.09.03.00.00,,Amlodipine 5mg tablets,
883996,3,14/07/2009,bxd5.,04.01.01.00.00,,GABAPENTIN caps 400mg,
1894136,3,03/09/2015,,,317291008.0,Simvastatin 10mg tablets,
1894136,3,09/06/2014,a6b1.00,,,Betahistine 8mg tablets,28.000
2574263,3,01/09/2009,blb2.,13.05.02.03.00,,Otomize ear spray (Forest Laboratories UK Ltd),
7896160,3,16/03/2015,,020201,,Olanzapine 10mg tablets,28 tablet
2553559,3,22/09/2015,,02.05.05.02.00,,,30.000
3173810,2,06/08/2012,,02.02.01.00.00,,BENDROFLUMETHIAZIDE tabs 2.5mg,2 120 dose inhaler
6699668,3,12/01/2016,bu23.00,94.05.12.00.00,3192111000001101.0,Felodipine 10mg modified-release tablets,56 tablet(s) - 10 mg
1894136,3,18/04/2006,,,,Hydroxocobalamin 1mg/1ml solution for injection ampoules,2 packs of 28 tablet(s)
4637932,4,06/01/2012,,,,Doxazosin 4mg tablets,56 tablet
4837869,3,29/12/2009,,06.02.01.00.00,,Gabapentin 300mg capsules,56 TABLET(S)
4356390,4,24/10/2007,a6b1.,,,BRICANYL TURBOHALER 500micrograms [ASTRAZENEC],
2572814,3,23/03/2016,,,,Minocycline  M/R capsules  100 mg,30 tablet
5286127,3,02/08/2013,,94.04.00.00.00,344111000001101.0,Metoprolol 50mg tablets,56 tab
1120792,3,17/03/2014,,,,Ventolin 100micrograms/dose Evohaler (GlaxoSmithKline UK Ltd),56.000
3166964,3,25/07/2013,,02.09.02.00.00,,Lisinopril 10mg tablets,
9067009,4,20/10/2014,,01.04.02.00.00,320139002.0,BENDROFLUAZIDE TAB 2.5mg,84 - tablet(s)
1120792,1,10/04/2007,,04.01.01.00.00,,Amoxicillin 250mg capsules,112 tablet
6394629,1,23/10/2012,bk32.,13.10.02.00.00,317919004.0,Colecalciferol 200unit / Calcium carbonate 750mg tablets,56 tablets
3173810,3,06/11/2012,,,,Amitriptyline 10mg tablets,28 capsule - 1.25 mg
7049179,1,28/05/2013,jA2z.00,06.04.01.01.00,,Hypromellose 0.3% eye drops,100 tablet
2572814,4,27/10/2014,,14.04.15.00.00,3651611000001107.0,Ramipril 5mg capsules,28.00 tablet(s)
3665358,1,30/06/2014,,94.05.07.00.00,,Salbutamol 100micrograms/dose inhaler CFC free,30 grams
739128,4,12/08/2014,,13.10.01.02.00,,Gabapentin 300mg capsules,30 capsule(s)
6699668,3,07/01/2014,,,,Aspirin 75mg dispersible tablets,56 capsules
883996,3,10/03/2014,bu2c.,08.01.03.00.00,,HYPROMELLOSE EYE DRO 0.5,2 packs of 28 tablet(s)
9067009,3,09/10/2015,,,,Salbutamol 100micrograms/dose inhaler CFC free,
6339714,3,15/11/2010,,02.05.05.01.00,,Metformin 500mg tablets,56 tablet
4356390,4,17/06/2015,,03.04.01.01.00,,ispaghula husk gluten-free powder sugar-free 3.5g,28 tablet - 50 mg
3765515,3,20/05/2013,,,,Omeprazole 10mg gastro-resistant capsules,10 ml
2150003,4,29/12/2015,ab2A.,04.06.02.00.00,3470811000001103.0,Bisoprolol 1.25mg tablets (A A H Pharmaceuticals Ltd),2 packs of 500 mls peppermint
9787890,3,27/08/2015,,06.04.01.01.00,,Solifenacin 5mg tablets,60 tablet(s)
883996,1,25/05/2012,,,,ROFECOXIB tabs 12.5mg,
9402479,3,18/01/2005,dji2.,,,Levothyroxine sodium 100microgram tablets,2 packs of 28 tablet(s)
3949855,3,09/12/2011,,,,Ramipril 1.25mg capsules,
8132321,3,06/01/2014,,0403010L0AAABAB,,ispaghula husk gluten-free powder sugar-free 3.5g,4 tablet(s)
3765515,3,23/09/2008,,,,Amitriptyline 10mg tablets,1.000
739128,3,26/10/2015,,12.02.01.00.00,,,56.000
3555892,3,07/07/2014,bd35.,0203020D0AAABAB,,LOSARTAN + HYDROCHLOROTHIAZIDE tabs 100mg + 25mg,60.000
15725,3,23/08/2007,,,,,1 - 200 dose aerosol spray
7602676,3,17/03/2015,,02.09.02.00.00,,Ispaghula husk 3.5g effervescent granules sachets gluten free sugar free (A A H Pharmaceuticals Ltd),28 tablet - 75 mg
9787890,3,14/12/2012,fh1k.00,03.01.01.03.00,,,
9787890,3,12/11/2012,,02.12.04.00.00,,IBUPROFEN TABLETS 400MG,100 capsules
5157047,3,27/08/2014,,,330170001.0,,28 capsule
9409190,4,28/06/2010,dn31.00,09.04.04.02.00,,Levothyroxine sodium 100microgram tablets,200 dose
2013334,3,02/09/2011,,02.05.05.02.00,,,224 capsule
3765515,4,01/03/2016,,,,Amitriptyline 25mg tablets,5 ml
6125701,3,03/05/2016,bd3j.,,,Amitriptyline 10mg tablets,28 tablet - 25 micrograms
4802474,1,12/07/2010,,06.01.02.02.00,,Pregabalin 50mg capsules,112.000
7465829,3,04/03/2015,,01.06.01.00.00,374296008.0,Atorvastatin 10mg tablets,56 tablet
4637932,4,09/09/2014,,01.03.05.00.00,,Fostair 100micrograms/dose / 6micrograms/dose inhaler (Chiesi Ltd),60 tablets
1947461,3,25/11/2014,,,,Zopiclone 3.75mg tablets,28 tablet(s) - 100 micrograms
4356390,3,05/08/2013,bu23.,03.02.00.00.00,,AMLODIPINE tabs 10mg,60 tablet
8184997,3,23/03/2012,,13.06.02.01.00,,Fostair 100micrograms/dose / 6micrograms/dose inhaler (Chiesi Ltd),84 tablet
5458687,4,16/05/2012,,12.02.01.00.00,,Atenolol 25mg tablets,28 tab
1436348,3,23/11/2009,ip3j.00,04.03.01.00.00,,Lactulose  Solution  3.1-3.7 g/5 ml,84 tablets
3555892,2,22/11/2010,,02.12.04.00.00,318420003.0,Prednisolone 5mg gastro-resistant tablets,28.000
5226712,4,17/06/2013,dibt.00,,329367009.0,,56.000
2150003,1,19/01/2016,,09.04.04.02.00,,Finasteride 5mg tablets,
9787890,4,08/02/2016,fo4y.00,,,,28 tablet(s) - 2.5 mg
7465829,3,06/02/2015,,02.04.00.00.00,,Omeprazole 20mg gastro-resistant capsules,120 dose
1436348,3,20/11/2013,,,,,2 inhaler(s) - 200/6 micrograms/inhalation
4637932,3,06/06/2012,bu23.,02.12.04.00.00,,Valsartan 80mg capsules,56.000
8184997,4,07/05/2015,m118.,01.03.05.00.00,321747004.0,Macrogol compound oral powder sachets NPF sugar free,30 tabs
739128,3,18/09/2007,c8n1.,02.02.01.00.00,,Lansoprazole 15mg gastro-resistant capsules,56 tablet
6394629,1,02/06/2010,,0906040N0BBABDU,,Meloxicam 7.5mg tablets,56 capsules
2759533,1,04/02/2011,,,,Kliofem tablets (Novo Nordisk Ltd),56 tablet(s)
5157047,3,30/07/2012,bxi1.,04.07.01.02.00,,Amoxicillin 500mg capsules,
4235920,4,10/08/2015,,02.06.02.00.00,,Perindopril erbumine 2mg tablets,7 tablet
1894136,3,16/01/2013,,04.07.01.02.00,,Levothyroxine sodium 100microgram tablets,
15725,3,07/12/2015,f283.,06.02.01.00.00,,Aspirin 75mg gastro-resistant tablets,126 tablets
3776111,3,05/05/2015,,02.02.01.00.00,,,56 tablet
9911614,2,18/08/2014,,0103050P0AAAFAF,,,7 tablet - 75 mg
9402479,3,24/04/2015,dia6.,12.02.01.00.00,,Spironolactone 25mg tablets,56
6459511,3,12/10/2015,,02.05.05.02.00,,,60.000
5226712,3,02/09/2014,,01.03.05.00.00,,,
6459511,4,29/03/2012,,,,,56.000
9409190,2,18/04/2011,,,,Beconase Aqueous 50micrograms/dose nasal spray (GlaxoSmithKline UK Ltd),28 tablet
9402479,3,28/12/2012,,04.06.08.00.00,,Aspirin 75mg dispersible tablets,
7896160,3,09/01/2014,,06.04.01.01.00,,Pioglitazone 15mg / Metformin 850mg tablets,14 tablet(s)
5750977,3,26/08/2014,,02.05.05.01.00,,Meloxicam 7.5mg tablets,20.000
6207155,3,11/07/2012,fo4y.00,02.02.01.00.00,,,56.000
9409190,4,09/12/2013,bu23.00,07.03.01.00.00,320030001.0,,1 - 200 dose nasal spray
4637932,3,23/08/2007,dh4y.00,10.01.01.00.00,,Bisoprolol 5mg tablets,28.000
3949855,3,25/11/2010,,02.08.02.00.00,,Pizotifen 1.5mg tablets,14 tablet(s)
9911614,3,11/01/2012,,,,Atenolol 25mg tablets,28 capsules
7896160,3,15/07/2013,f923.,02.05.05.02.00,,METHOTREXATE tabs 2.5mg,
5216158,3,27/08/2013,,06.01.02.02.00,,Fluoxetine Hydrochloride  Capsules  20 mg,100 gram
3894871,2,04/08/2009,,02.12.04.00.00,,Bisoprolol 5mg tablets,168.000
5226712,1,19/10/2015,f294.,09.01.02.02.00,,AMITRIPTYLINE HCl tabs 50mg,56 capsule
2759533,3,08/09/2015,b211.,01.03.05.00.00,,Beconase Aqueous 50micrograms/dose nasal spray (GlaxoSmithKline UK Ltd),500 g
1894136,3,07/10/2014,,02.04.00.00.00,,Cilest 35microgram/250microgram tablets (Janssen-Cilag Ltd),
4356390,4,29/01/2013,,02.04.00.00.00,322863001.0,,4.000
8766522,3,15/09/2015,,07.04.02.00.00,,Aspirin 75mg dispersible tablets,175.000
4348378,4,01/06/2015,,02.12.04.00.00,,Lansoprazole 30mg gastro-resistant capsules,28 capsule(s) - 10 mg
6699668,3,18/04/2006,bdf1.,02.12.04.00.00,134460003.0,Aspirin 75mg gastro-resistant tablets,60.000
3949855,3,14/01/2016,,04.09.02.00.00,,AMITRIPTYLINE HCl tabs 50mg,84 tab
3665358,3,31/07/2014,j22e.,,,,16.000
4356390,3,04/12/2006,,04.03.03.00.00,,Prednisolone 5mg tablets,1 spray(s) - 50 micrograms/dose
3555892,4,03/12/2010,,04.07.02.00.00,,,
1947461,3,18/10/2010,,13.06.02.01.00,,fusidic acid with betamethasone valerate cream 2% + 0.1%,250 ml
3665358,3,14/08/2013,,0106040G0AAAAAA,,Candesartan 8mg tablets,56 TABLET(S)
9402479,3,02/02/2015,ph88.,,,,28 tab
2553559,1,20/04/2010,bs18.,02.02.01.00.00,,Fluoxetine 20mg capsules,168 tablet(s) - 2.5 mg
2759533,4,04/03/2014,,13.10.01.02.00,,Juvela gluten free fibre mix (Hero UK Ltd),60 tablet(s)
8018365,3,21/12/2015,,,,Omeprazole 10mg gastro-resistant capsules,84 tablet
8908719,3,31/05/2012,,06.02.01.00.00,,Amitriptyline 10mg tablets,56 tablet
1003424,3,19/12/2013,bxi3.00,06.04.01.01.00,,Diclofenac sodium 50mg gastro-resistant tablets,56 tablets - 2.5 mg
6456350,3,23/10/2006,,02.09.01.00.00,,Carbomer 0.2% eye gel (Blumont Healthcare Ltd),168 tablet(s)
4972784,4,30/07/2009,ip3f.,01.02.01.00.00,,Finasteride 5mg tablets,2 packs of 60 tablet(s)
3949855,4,07/10/2015,,02.02.01.00.00,330781005.0,Simvastatin 20mg tablets,28.000
8766522,3,10/03/2014,,11.05.00.00.00,,,56 tablets
5750977,4,14/11/2014,,06.06.02.00.00,,Betahistine 16mg tablets,84 tab
1015541,3,17/06/2013,,09.04.04.02.00,,,30.000
4356390,4,17/11/2009,,,,Sertraline 50mg tablets,56 capsule
4837869,4,10/12/2013,,13.10.03.00.00,,Diclofenac sodium 75mg modified-release tablets,28 tablet(s) - 4 mg
3894871,3,15/02/2016,bl3M.,04.06.03.00.00,,Folic acid 5mg tablets,28 tablet
2553559,3,04/11/2008,e911.00,06.01.02.02.00,,CALCICHEW-D3 FORTE chewable tab,1 nasal spray
5286127,3,09/09/2008,,,,Aspirin 75mg dispersible tablets,
1947461,3,24/03/2014,,01.03.01.00.00,,Aspirin 75mg dispersible tablets,
3665358,4,01/12/2006,,,415162000.0,Levothyroxine Sodium TABS 100MICROGRAMS,28 capsules - 150 mg
7049179,1,17/11/2014,c331.,01.04.02.00.00,,Bendroflumethiazide 2.5mg tablets,
5991968,3,28/04/2005,,,,Folic acid 5mg tablets,2 packs of 28 capsule(s)
1120792,3,22/07/2013,,09.06.04.00.00,,BENDROFLUAZIDE tabs 2.5mg,2 - 120 dose inhaler with counter
15725,4,28/04/2014,,02.05.04.00.00,,Ramipril 1.25mg capsules,28 tablet
5750977,3,27/04/2011,,10.01.04.03.00,321987003.0,Fusidic acid 1% modified-release eye drops,
15725,3,29/06/2006,,02.05.04.00.00,322366004.0,Indapamide 2.5mg tablets,1 pack of 500 mls
9911614,3,06/02/2015,di21.,,,Bisoprolol 1.25mg tablets,56 TABLET(S)
9157817,3,14/11/2012,,02.09.02.00.00,,Atorvastatin 10mg tablets,168 tablets
4356390,4,17/09/2007,,,,Beconase Aqueous 50micrograms/dose nasal spray (GlaxoSmithKline UK Ltd),60.000
3794152,3,27/07/2011,m412.,06.02.01.00.00,,Betahistine 8mg tablets,28 capsule
8184997,4,20/08/2013,,04.07.02.00.00,,Tetracycline 250mg tablets,
2759533,3,23/03/2015,ip3e.00,020201,,Simvador 40mg tablets (Discovery Pharmaceuticals),60.000
3794152,3,01/10/2013,,11.08.01.00.00,,CITALOPRAM tabs 20mg,28.000
3840609,3,12/08/2013,,03.02.00.00.00,322623000.0,,60
15725,3,10/02/2010,,12.03.02.00.00,,Amlodipine  Tablets  5 mg,56.000
3665358,3,01/12/2006,,0801030P0AAAHAH,,GAVISCON ADVANCE oral suspension sugar-free [RECKITT B],56.000
2759533,3,27/07/2015,gdew.,03.01.01.03.00,,Qvar 50 inhaler (Teva UK Ltd),7 tablet
6339714,3,22/03/2013,b431.,11.08.01.00.00,,EZETIMIBE + SIMVASTATIN tabs 10mg + 40mg,56 tablet - 5 mg
8132321,3,01/09/2015,,01.03.05.00.00,,Oxybutynin 2.5mg tablets,100 capsule - 10 mg
8379628,3,21/10/2008,,,,,56 tablet
5226712,3,27/07/2011,fo4y.00,02.05.05.01.00,,Calcium and Ergocalciferol tablets,10 - tablet(s)
